IUCA,Texto Respuesta Bill
0,"La suspensión de la inscripción no está prevista en la normativa. Por lo tanto, una vez que finalices la actividad tendrás que solicitar la baja. Si retomas la actividad podrás, en cualquier momento, volver adherir al Monotributo.

Fuente: CIT AFIP"
1,"Quedas excluido del Monotributo en el caso de que se produzca alguna de las siguientes situaciones: 
a) La suma de los ingresos brutos obtenidos de tus actividades, en los últimos doce meses, anteriores a la obtención de un nuevo ingreso bruto -considerando al mismo- exceda el límite máximo establecido.
b) Los parámetros físicos o el monto de los alquileres devengados superen los máximos establecidos.
c) El precio máximo unitario de venta, en el caso de que tu actividad sea venta de cosas muebles, supere $ 29.119,56
d) Si compras bienes o realizas gastos, de índole personal, por un valor incompatible con los ingresos declarados.
e) Si tenes depósitos bancarios, debidamente depurados, por un importe igual o superior al monto de los ingresos brutos anuales máximos admitidos para la categoría en la cual te encuentres,
f) En el caso de haber perdido la calidad de Monotributista o si realizaste importaciones de cosas muebles y/o de servicios para su posterior comercialización, durante los últimos 12 meses del año calendario,
g) Si llevas adelante más de tres actividades simultáneas o tenes más de tres unidades de explotación,
h) Si tu actividad es de locaciones y/o prestaciones de servicios, y te categorizaste como si realizaran venta de cosas muebles,
i) Tus operaciones no se encuentren respaldadas por las respectivas facturas o documentos equivalentes correspondientes a las compras, locaciones o prestaciones aplicadas a la actividad, o a sus ventas, locaciones y/o prestaciones de servicios,
j) El importe de las compras más los gastos propios del desarrollo de la actividad de que se trate, efectuados durante los últimos doce meses, totalicen una suma igual o superior al 80% de los ingresos brutos máximos establecidos para la categoría K en el caso de venta de productos, ó al 40% de los ingresos brutos establecidos para la categoría H cuando se trate de prestación de servicios.
k) Resulte incluido en el Registro Público de Empleadores con Sanciones Laborales (REPSAL) desde que adquiera firmeza la sanción aplicada en su condición de reincidente.
Del total de compras se detraerán los importes correspondientes a las adquisiciones de bienes que tengan el carácter de bienes de uso, respecto de las cuales se demuestre que han sido pagadas con ingresos adicionales a los obtenidos por las actividades incluidas en el Régimen de Monotributo, que resulten compatibles con el mismo"
2,"Para solicitar la baja deberás:
1. Acceder al portal de Monotributo (http://bit.ly/_Monotributo).
2. Presionar el botón ""Comenzar"".
3. Acceder con CUIT y clave fiscal.
4. Ingresar en el ítem ""Datos del Monotributo"".
5. Seleccionar el botón ""Dar de Baja"" y luego el botón ""Darme de baja"".
6. En la siguiente pantalla visualizarás, dependiendo del caso en particular, los siguientes códigos de impuestos 020 (Monotributo), código 21 (Monotributo - autónomo), debiendo de informar el período (mes - año) y el motivo de baja (renuncia, exclusión ó cese de actividades).
7. El sistema emitirá el acuse de recibo correspondiente a la baja informada.

Fuente: CIT AFIP"
3,"Si, podes adherirte nuevamente en cualquier momento.

Fuente: Art. 35 Decreto 1/10"
4,"Si te excluyeron del Monotributo no vas a poder adherirte nuevamente por 3 años calendarios posteriores a la exclusión.
Fuente: Art. 21 Ley 26.565"
5,"Si renuncias al Monotributo para pasar a ser Responsable Inscripto en IVA, no podrás obtar por el Monotributo hasta después de 3 años calendario desde que se produce la renuncia.

Fuente: Art. 19 Ley 26.565"
6,"La solicitud de baja, tendrá efectos a partir del primer día del mes inmediato siguiente a aquél en que se efectuó.
Fuente: Art. 19 Ley 26.565 y art. 37 Decreto 1/10"
7,"La AFIP podrá darte de baja de maneras automática ante la falta de pago del impuesto integrado y/o de las cotizaciones previsionales fijas, por un período de 10 meses consecutivos.

Dicha baja no impedirá el reingreso al monotributo, siempre que previamente canceles la totalidad de la deuda correspondientes a los 10 meses que dieron origen a la baja, y en su caso, el pago de la deuda de períodos anteriores no prescriptos, y acreditar el pago de las sanciones aplicadas en virtud del incumplimiento de deberes formales.
Una vez regularizada la situación, el alta al régimen no es automática, por lo que deberá realizar según corresponda lo siguiente:
- En caso de solicitar nuevamente el alta al Monotributo a partir del período en curso, deberás pagar la totalidad de la deuda. Una vez abonado este importe, tenés que aguardar 48 horas para intentar efectuar el alta nuevamente.
- En caso de solicitar nuevamente el alta al Monotributo a partir de un período anterior al que está en curso, se deberá adherir nuevamente a través del portal ""Monotributo"" y luego solicitar en la dependencia correspondiente la retroactividad de dicha adhesión.

Fuente: CIT AFIP"
8,"La baja por exclusión tiene efectos cuando se cumpla algunas de las causales de exclusión.

Fuente: Art. 21 Ley 26.565"
9,"Tal cómputo es improcedente respecto al impuesto que le hubiera sido facturado como consecuencia de hechos imponibles anteriores a la fecha en que produzca efectos el cambio de condición frente al IVA.

Fuente: Art. 24 Ley 26.565"
10,"Únicamente las obligaciones correspondientes a los Regímenes de Monotributo (020 y 021) podrán darse de baja, por Internet en forma retroactiva, desde el mes y año de inicio de actividad.
Los impuestos y/o regímenes no mencionado anteriormente podrán darse de baja desde el mes y el año corriente o el mes inmediato anterior, al de la fecha de solicitud de baja.
Si te adheriste al régimen de Monotributo con anterioridad a 01/2017 solo podrás seleccionar como período máximo 01/2017. Posteriormente se deberá verificar la posibilidad de solicitar la retroactividad de dicha baja en la agencia AFIP donde se encuentra inscripto mediante la presentación del F.206 Multinota.

Fuente: AFIP"
11,"Para conocer cuáles son las categorías de Monotributo y el importe a pagar de acuerdo a cada una de ellas ingresa al siguiente link: http://bit.ly/_Categorias

Fuente: Art. 8 y 11 Ley 26.565 - RG 4309/18"
12,"El Monotributo reemplaza el pago del Impuesto a las Ganancias y el Impuesto al Valor Agregado (IVA), además contempla el pago de aportes previsionales y aporte a una obra social.

Fuente: Art. 6 Ley 26.565"
13,"No vas a pagar el componente previsional si cumplís con alguno de los siguientes requísitos:
. Sos menor de 18 años de edad.
. Sos trabajador autónomo y  al 15 de julio de 1994 fuiste beneficiario de prestaciones de jubilación ordinaria o por edad avanzada, o a esa fecha reunias los requisitos para obtener dichos beneficios.
· Sos profesional universitario y estas afiliado a uno o más regímenes provinciales para profesionales.
· Si sos estas en relación de dependencia y por lo tanto realizas aportes al régimen nacional o a algún régimen provincial previsional.
. Sos locador de bienes muebles o inmuebles (en tanto a tales fines no te encuentres organizado en forma de empresa).
. Sucesiones indivisas, continuadoras de los sujetos adheridos al régimen, que opten por la permanencia en el mismo.

Fuente: Art. 40 Ley 26.565 y Art. 13 RG 4309/18"
14,"Cuando inicies actividades deberás adherirte en la categoría que te corresponda, teniendo el cuenta el parámetro de la magnitud física, es decir, la superficie que tenes afectada a la actividad y, en caso de que alquiles el local, el monto pactado en el contrato de alquiler. Si no tenes esos datos, te tenes que categorizar en base a una estimación de los parámetros que tiene en cuenta el Monotributo.
Transcurridos 6 meses, deberás proceder a anualizar los ingresos brutos obtenidos, la energía eléctrica consumida y los alquileres devengados en dicho período, de esta manera confirmar tu categoria o determinar si corresponde recategorizarte o pasar al regimén general.

Fuente: Art. 12 Ley 26.565"
15,"Se considera ingresos brutos a los obtenidos por tu actividad o actividades, es decir, el ingreso de las ventas, locaciones o prestaciones de servicios. 
Dichos ingresos, comprenden a los impuestos nacionales, excepto los que se indican a continuación:
a) Impuesto interno a los cigarrillos.
b) Impuesto adicional de emergencia a los cigarrillos.
c) Impuesto sobre los Combustibles Líquidos y al Dióxido de Carbono.

No se considera ingreso bruto la venta de bienes de uso, entendiendo por tales aquéllos cuyo plazo de vida útil sea superior a dos años, en tanto lo hayas tenido en tu patrimonio, como mínimo, doce meses desde la fecha de habilitación del bien.

Por último, no se computarán como ingresos brutos los provenientes de:
a) Cargos públicos,
b) Trabajos ejecutados en relación de dependencia,
c) Jubilaciones, pensiones o retiros correspondientes a alguno de los regímenes nacionales o provinciales,
d) El ejercicio de la dirección, administración, conducción de las sociedades no comprendidas en el monotributo comprendidas y no adheridas al mismo,
e) Las prestaciones e inversiones financieras, compraventa de valores mobiliarios y de participaciones en las utilidades de cualquier sociedad no incluida en el mismo.

Fuente: Art. 3 Ley 26.565, Arts. 9, 10, 11 y 12 Decreto 1/2010"
16,"Si realizas más de una actividad te corresponde categorizarte en función de la actividad principal, es decir, la de mayor ingresos brutos, pero deberás sumar los ingresos brutos de todas las actividades. Recordá que no podrás tener más de 3 actividades.

Fuente: Art. 3 Ley 26.565"
17,"Si además de tu actividad, trabajas en relación de dependencia, solo tenes que tener en cuenta los ingresos provenientes de las actividades incluídas en el Monotributo.
Fuente: Art. 12 Decreto 1/2010"
18,"No vas a tener en cuenta el parámetro de energía eléctrica consumida cuando tu actividad sea alguna/as de las siguientes:
- Lavaderos de automotores.
- Expendio de helados.
- Servicios de lavado y limpieza de artículos de tela, cuero y/o de piel, incluso la limpieza en seco, no industriales.
- Explotación de kioscos (polirrubros y similares).
- Explotación de juegos electrónicos, efectuada en localidades cuya población resulte inferior a 400.000 habitantes, de acuerdo con los datos oficiales publicados por el Instituto Nacional de Estadística y Censos (I.N.D.E.C.), correspondientes al último censo poblacional realizado.

Fuente: Art. 16 y Anexo II RG 4309/18"
19,"No vas a tener en cuenta el parámetro de superficie afectada a la actividad cuando tu actividad sea alguna/as de las siguientes:

- Servicios de playas de estacionamiento, garajes y lavaderos de automotores.
- Servicios de prácticas deportivas (clubes, gimnasios, canchas de tenis y ""paddle"", piletas de natación y similares).
- Servicios de diversión y esparcimiento (billares, ""pool"", ""bowling"", salones para fiestas infantiles, peloteros y similares).
- Servicios de alojamiento u hospedaje prestados en hoteles, pensiones, excepto en alojamientos por hora.
- Explotación de carpas, toldos, sombrillas y otros bienes, en playas o balnearios.
- Servicios de ""camping"" (incluye refugio de montaña) y servicios de guarderías náuticas.
- Servicios de enseñanza, instrucción y capacitación (institutos, academias, liceos y similares), y los prestados por jardines de infantes, guarderías y jardines materno-infantiles.
- Servicios prestados por establecimientos geriátricos y hogares para ancianos.
- Servicios de reparación, mantenimiento, conservación e instalación de equipos y accesorios, relativos a rodados, sus partes y componentes.
- Servicios de depósito y resguardo de cosas muebles.
- Locaciones de bienes inmuebles.
Tampoco será de aplicación el parámetro de superficie afectada a la actividad en zonas urbanas, suburbanas o rurales de las ciudades o poblaciones de hasta 40.000 habitantes.

Fuente: Art. 16, Anexo II RG 4309/18 y Art. 10 Ley 26.565"
20,"A los fines del monotributo, la actividad principal es aquella por la cual obtenes los mayores ingresos brutos.
Fuente: Art. 3 Ley 26.565"
21,"Tenes que considerar exclusivamente la superficie afectada y la energía eléctrica consumida en tu actividad, como asimismo el monto proporcional del alquiler devengado. Si existe un único medidor se presume que se afectó el 20 % a la actividad. En el caso de una actividad de alto consumo energético se presume que el gasto es del 90 %, salvo que se pueda demostrar que la actividad no consume ese porcentaje de energía.
Fuente: Art. 9 Ley 26.565"
22,"Si tu actividad es una actividad de servicios, sin local fijo, o es una actividad primaria solo tenes que tener en cuenta, para categorizarte, los ingresos brutos.
Fuente: Art. 9 Ley 26.565"
23,"No existe una cantidad máxima de empleados que pueda tener un monotributista.

Fuente: CIT AFIP"
24,"El parámetro alquileres devengados referido al inmueble en el que se desarrolla la actividad, comprende toda contraprestación -en dinero o en especie- derivada de la locación, uso, goce o habitación -cualquiera sea la denominación que se le otorgue- de dicho inmueble, así como los importes correspondientes a sus complementos (mejoras introducidas por los arrendatarios o inquilinos, la contribución directa o territorial y otros gravámenes o gastos que haya tomado a su cargo, y el importe abonado por el uso de muebles y otros accesorios o servicios que suministre el propietario).
A tales efectos deberá entenderse por mejoras todas aquellas erogaciones que no constituyan reparaciones ordinarias que hagan al mero mantenimiento del bien.
Por lo tanto, y dado que los gastos de luz, gas y teléfono no constituyen una contraprestación que integra el precio pactado, sino que tienen relación con el consumo que hace el locatario por tales servicios, no integrarían el parámetro ""alquileres devengados"".
Fuente: Art. 20 Decreto 1/2010"
25,"Por los ingresos correspondientes al ejercicio de la dirección, administración, conducción de las sociedades no comprendidas en el Monotributo o comprendidas y no adheridas al mismo, deberá cumplirse con las obligaciones previsionales establecidas por el régimen general vigente, sin perjuicio de lo cual deberán ingresarse, de corresponder, las cotizaciones previsionales correspondientes al Monotributo por la actividad allí comprendida.

Fuente: CIT AFIP"
26,"Si tu actividad es la realización de muebles a pedido debe ser considerado como una locación de obra.
Fuente: CIT AFIP"
27,"El precio máximo unitario de venta -sólo en los casos de venta de cosas muebles- es de $29.119,56.

Fuente: Art 149 Ley 27.430"
28,"No, ya que una de las condiciones para ser monotributista es que no realices importaciones de cosas muebles o servicios para su comercialización , durante los últimos doce (12) meses calendario.

Fuente: Art. 2 Ley Nº 25.865"
29,"Si, resulta aplicable la alícuota del 27% para las prestaciones de servicios públicos recibidas por los monotributistas.
Fuente: Art. 28 Ley Nº 23.349"
30," - La unidad de explotación, es el espacio físico donde desarrollas la actividad, cada inmueble en alquiler (en el caso que esta sea tu actividad) o el rodado si tu actividad es de remises, taxi o transporte. 
 - La actividad económica son las ventas, obras, locaciones o prestaciones de servicio.

Fuente: Art. 17 Decreto 1/10"
31,"Las cargas de familia, si correspondieran, serán computables en su totalidad, excepto cuando ocurran o cesen las causas que determinen su cómputo (nacimiento, casamiento, defunción, etc.), en cuyo caso las deducciones se harán efectivas por períodos mensuales

Fuente: Arts. 23 y 24 Ley 20.628 y Art.75 RG 4309/18"
32,"La adhesión al Monotributo implica , la baja automática del carácter de responsable inscripto en el IVA.
Asimismo, en el régimen instaurado por la Ley 26.565 no existe norma alguna que disponga el reintegro del crédito fiscal de las existencias de bienes a la fecha en que produce efectos el cambio de responsable inscripto en IVA al Monotributo.
Fuente: Ley Nº 26.565 y Decreto Nº 1/2010"
33,"Cuando un responsable inscripto realice ventas, locaciones o prestaciones de servicios gravadas a consumidores finales, no deberá discriminar en la factura o documento equivalente el gravamen que recae sobre la operación.
El mismo criterio se aplicará con sujetos cuyas operaciones se encuentran exentas.
Las operaciones de los monotributistas se encuentran exentas del impuesto a las ganancias y del impuesto al valor agregado.

Fuente: Art. 39 Ley 23.349 y Art. 6 Anexo Ley 24.977"
34,"Si el monotributista continúa desarrollando actividades que no se incluyan en el régimen simplificado, corresponderá recalcular el impuesto determinado, sin considerar las ganancias atribuibles a la actividad por la que adhirió al Monotributo, a fin de establecer la nueva base de cálculo de los anticipos y el importe de los mismos.
Fuente: Art. 73 RG 4309/18"
35,"Para el trámite de solicitud de CUIT podés optar por realizarlo a través de un tercero, para lo cual tenes que completar el formulario F.3283, autorizando al tercero a realizar el trámite,  con la certificación de tu firma mediante la intervención de entidad bancaria, autoridad policial o escribano.

Fuente: AFIP"
36,"En caso de que quieras realizar el trámite de forma presencial lo tenes que hacer en la dependencia de AFIP que te corresponde según tu domicilio fiscal. Podes acceder a las dependencias de AFIP desde aquí: http://www.afip.gov.ar/dependencias/
Fuente: Art. 4 RG 4309/18"
37,"Para solicitar tu CUIT deberás presentar el formulario 460/F por duplicado, en la dependencia de la AFIP que te corresponde de acuerdo al domicilio fiscal.
El formulario será acompañado de los elementos que, según el caso, se indican a continuación:

1. Argentinos nativos o naturalizados y extranjeros: fotocopia del documento nacional de identidad. Excepto las personas mayores de 75 años de edad al 31/12/2014 y los incapaces declarados judicialmente, quienes podrán presentar libreta cívica o de enrolamiento.
2. Extranjeros que no posean documento nacional de identidad: fotocopia de la cédula de identidad, o del certificado o comprobante que acredite el número de expediente asignado por la Dirección Nacional de Migraciones, donde conste el carácter de su residencia
Además, se deberán presentar al menos una de las siguientes constancias de domicilio en original y fotocopia según corresponda:
a. Documento nacional de identidad argentino.
b. Certificado de domicilio expedido por autoridad competente.
c. Acta de constatación notarial.
d. Comprobante de un servicio a nombre del contribuyente o responsable.
e. Título de propiedad o contrato de alquiler o de ""leasing"", del inmueble cuyo domicilio se denuncia.
f. Extracto de cuenta bancaria o del resumen de tarjeta de crédito, cuando el solicitante sea el titular de tales servicios.
g. Habilitación o autorización municipal equivalente, cuando la actividad del solicitante se ejecute en inmuebles que requieran de la misma.
h. Certificado de Vivienda Familiar emitido por la Agencia de Administración de Bienes del Estado, entregado por la Administración Nacional de la Seguridad Social (ANSES).
Los sujetos cuyo domicilio fiscal declarado y obrante en su documento nacional de identidad coincida con el de su madre, padre, tutor o apoderado, podrán aportar los elementos citados en los puntos d., e. y f., aún cuando los mismos figuren a nombre de estos últimos, siempre que se acompañe la partida de nacimiento o el documento que acredite la tutela o poder, según el caso.
Aclaración: las fotocopias de la documentación deberán estar suscriptas por el responsable y certificadas por escribano público, para su exhibición. En reemplazo de las mismas, en las condiciones dispuestas precedentemente, podrán ser exhibidos los respectivos originales.
Adicionalmente, AFIP requerirá a las personas humanas que actúen por sí o como apoderados o representantes legales de personas humanas o jurídicas, el registro digital de la fotografía, firma y huella dactilar, así como la exhibición del documento de identidad para ser ""escaneado"".
La registración de los datos biométricos no se considerará perfeccionada hasta tanto se confirme la fotografía, la firma y el documento de identidad ""escaneado"", a través de la página web www.afip.gob.ar ingresando al servicio con clave fiscal ""Aceptación de datos biométricos"".

Fuente: Art. 3 RG 10/97 y Art. 3 RG 2811/10"
38,"No, las sociedades no se encuentran contempladas en el régimen

Fuente: CIT AFIP"
39,"Para aquellas personas de nacionalidad extranjera, residentes en el país, que no posean DNI, a efectos de obtener la CUIT para inscribirse en el Monotributo, deberán exhibir cédula de identidad, pasaporte o certificado de la Dirección Nacional de Migraciones.
Se entiende que son residentes quienes posean algún tipo de residencia (permanente, temporaria, transitoria, precaria, etc.) para poder ejercer actividad en el país.
Cabe aclarar que, de tratarse de un extranjero, cuyo país de nacimiento sea Bolivia o Perú, deberá seguir el procedimiento establecido por la RG 654/99.
Fuente: Art.2 RG 3890/94 y Art. 2 RG 654/99"
40,"En la medida que la actividad encuadrada en el Monotributo cumpla con los requisitos para optar por el régimen, puede mantener la inscripción en el mismo.
Por otra parte, ante la situación planteada, podrá mantener su inscripción en el Régimen General por la actividad exenta en IVA - tributando Impuesto a las Ganancias por las rentas obtenidas - , no obstante lo cual deberá considerar la totalidad de los ingresos brutos obtenidos a los efectos de su categorización en el Monotributo así como su consideración para la determinación de la exclusión en el citado régimen, a excepción de los indicados en el párrafo siguiente.
Cuando los ingresos obtenidos por la actividad del Régimen General - exenta en IVA - estén originados en el ejercicio de la dirección, administración, conducción de sociedades no comprendidas en el Monotributo, no deberán computarse a los fines de su categorización, recategorización o exclusión en el mencionado Monotributo. A modo de aclaración, se mencionan las actividades exentas cuyos ingresos brutos no resultan computables:

- Director de SA.

- Socio Gerente de SRL.
Fuente: CIT AFIP"
41,"Tu domicilio fiscal es aquel lugar donde desarrollas tu actividad. En el caso que la actividad no la desempeñes en locales fijos o se realice en relación de dependencia, se considerará como domicilio fiscal, el domicilio real.

Fuente: Art. 3 Ley 11683 y Art. 2 RG 2109/06"
42,"Si tu domicilio fiscal es el mismo que figura en tu DNI y a su vez este es el mismo que el de tu madre/padre/tutor/apoderado, podes llevar alguna de las siguientes constancias, aunque estén a nombre de alguno de ellos, a su vez deberás acompañarlo con la partida de nacimiento o libreta de familia.
- Factura de servicio

- Título de propiedad o contrato de alquiler o de ""leasing"", del inmueble cuyo domicilio se denuncia.

- Extracto bancario o del resumen de tarjeta de crédito.


Fuente: Art. 3 RG 10/97"
43,"Para realizar la adhesión al Monotributo deberás:

1. Acceder al portal ""Monotributo"" (http://bit.ly/_Monotributo).
2. Ingresar la CUIT y clave fiscal.
3. Seleccionar el botón ""Comenzar"".
4. Ingresar en la opción ""Darse de alta"".

La adhesión consta de 5 pasos, en los cuales deberás seleccionar la opción que corresponda a tu situación particular:

Paso 1: Tipo de Monotributo
Se deberá seleccionar alguna de las siguientes opciones:
· Voy a realizar trabajo independiente
· Como miembro de una cooperativa
· Como trabajador promovido

Paso 2: Caracterización de actividades
· Se deberá seleccionar el mes en que se comenzará a desarrollar la/s actividad/es.
· Ingresar el importe de la facturación anual estimada
· Informar si se posee local/oficina/establecimiento para el desarrollo de la/s actividad/es. Dependiendo de la opción seleccionada, se habilitará los campos consumo anual de energía eléctrica del local, si el mismo es alquilado, el monto del alquiler y superficie del inmueble afectada por la actividad.

Paso 3: Aportes de jubilación

Dependiendo de la opción seleccionada en el paso 1 el sistema permitirá seleccionar una de las siguientes opciones:

· Trabajador activo
· Empleado en relación de dependencia
· Jubilado
· Aporto a una caja previsional provincial
· Locador de bienes muebles o inmuebles

Paso 4: Obra social

Dependiendo de la opción seleccionada en el paso 3 el sistema habilitará los siguientes campos a ser completados:
· Informar la Obra social
· Seleccionar si sumará los aportes a los aportes del cónyuge.
· En caso de desear agregar miembros de la familiar a la obra social deberá ingresar la CUIL y vínculo familiar.
· Descargar la declaración jurada de salud del decreto 300/97 para ser presentado ante ANSES.

Paso 5: Confirmación de Datos

· El sistema expondrá los datos consignados en los pasos anteriores, los cuales deberán ser confirmados en caso de ser correctos. Finalmente se obtendrá la constancia de inscripción, el formulario 184, la credencial de pago y el formulario 960 Data Fiscal.


Fuente: CIT AFIP"
44,"Se encuentran exceptuados de cumplir dicha obligación, los pequeños contribuyentes inscriptos en el Registro Nacional de Efectores de Desarrollo Local y Economía Social del Ministerio de Desarrollo Social.


Fuente: Art. 3 RG 4309/18"
45,"Para solicitar la inscripción, se deberán tener en cuenta los siguientes pasos:


1 - Solicitar CUIT del condominio para ser informada al momento de la adhesión de los condóminos.
2 - Solicitar CUIT de los condóminos.
3 - Cada condómino deberá realizar la adhesión desde el portal del Monotributo.

Es requisito para ejercer la opción, que todos los condóminos a los que resulten atribuibles los ingresos provenientes de la actividad de locación de cosas muebles o inmuebles en condominio, adhieran en forma individual al Monotributo por todas las locaciones del mismo condominio.


Fuente: AFIP"
46,"Para declarar la actividad económica deberá ingresar con CUIT y clave fiscal a través la página web www.afip.gob.ar, al servicio denominado ""Sistema Registral"", seleccionar la opción ""Registro Tributario"" y luego ""Actividades"".

También en dicha opción, se definirá, en caso de registrar más de una actividad, cual será la principal, presionando el botón ""subir"" o ""bajar"" dependiendo del orden de la misma. Se entenderá que será la principal aquella que tenga número de orden 1.

Fuente: Fuente: CIT AFIP"
47,"Los condominios no pueden adherirse al Monotributo desde el 01/06/2018.
No obstante, cada condómino podrá adherir en forma individual al Monotributo en la medida que cumplan con las condiciones previstas para la adhesión, categorización y permanencia en el mismo, considerando la parte que le corresponda sobre los parámetros que resulten aplicables.
Al momento de adhesión se deberá informar el porcentaje atribuible de participación en el condominio, junto a los datos identificatorios que permitan individualizar a este último y a los restantes condóminos integrantes del mismo. A tal efecto, deberá solicitarse previamente la CUIT del condominio para su información al momento de la adhesión de los condóminos.
Es requisito, que todos los condóminos a los que resulten atribuibles los ingresos provenientes de la actividad de locación de cosas muebles o inmuebles en condominio, adhieran en forma individual al Régimen por todas las locaciones del mismo condominio.

Fuente: Art. 2 Anexo Ley 24.977, Art. 5 Dto. 1/10 y Arts. 5 y 7 RG 4309/18"
48,"De acuerdo a tu situación particular, deberás seleccionar alguna de las siguientes opciones:
a) Te corresponde ingresar los aportes con destino al Sistema Integrado Previsional Argentino (SIPA) y a la Obra Social:
-Trabajador activo.
b) No te corresponde ingresar los aportes con destino al Sistema Integrado Previsional Argentino (SIPA), ni a la Obra Social, por encontrarse contemplado en alguna de las siguientes situaciones:
-Empleado en relación de dependencia: Corresponderá seleccionar esta opción en caso que simultáneamente con la actividad por la cual te adherís al Monotributo, estas realizando una actividad en relación de dependencia y aporten en tal carácter al régimen nacional o a algún régimen provincial previsional.
-Aporto a una caja previsional provincial: En caso de ser profesional universitario y que por esa actividad debas obligatoriamente afiliarte a uno o más regímenes provinciales para profesionales.
-Locador de bienes muebles o inmuebles: Cuando se ejerza solo ésta actividad y no se hace organizado en forma de empresa.
c) Corresponde ingresar los aportes con destino al Sistema Integrado Previsional Argentino (SIPA) y no a la Obra Social, por ser:
-Jubilado por la Ley 24.241: Trabajadores autónomos que a partir del 15 de julio de 1994 fueren beneficiarios de prestaciones de jubilación ordinaria o por edad avanzada, o a esa fecha reunieren los requisitos para obtener dichos beneficios.

Fuente: Art. 39 y 40 Ley 26.565"
49,"Si de acuerdo a la actividad, no se deben considerar determinados parámetros, los mismos deberán ser informados con valor 1 (uno).


Fuente: CIT AFIP"
50,"Si la adhesión al Monotributo la realizas en el mismo mes de inicio de actividades, la misma tendrá efecto a partir del mismo día en que la realices.
En el resto de los caso, la adhesión tendrá vigencia desde el primer día del mes siguiente al que se realizó la adhesión.

Fuente: Art. 6 RG 4309/18"
51,"Sólo deberán abonar el componente impositivo, ya que el ingreso de las cotizaciones previsionales fijas se encuentra excluido.

Fuente: Art. 13 RG 4309/18"
52,"La adhesión en esos casos, debe ser solicitada por la cooperativa de trabajo ante AFIP, y en los términos, plazos y condiciones que a tal fin disponga la Administración.

Fuente: Arts. 50 y 51 Ley 26.565"
53,"Cuando se trate del mes de inicio de actividades podrás realizar el pago hasta el último día del mes. Si la fecha coincide con día feriado o inhábil, la misma se trasladará al día hábil inmediato siguiente.

Fuente: Art. 35 RG 4309/18"
54,"Para imprimir la credencial de pago deberás acceder desde el portal Monotributo (http://bit.ly/_Monotributo), de la siguiente forma:
1. Presione el botón ""Comenzar"".
2. Ingrese con CUIT y clave fiscal.
3. Seleccione el ítem ""Ver Constancia"".
4. Presione el botón ""Ver Credencial"" correspondiente a la Credencial de pago. La misma será descargada en formato PDF.



Fuente: CIT AFIP"
55,"El Código Único de Revista (CUR) es un código que refleja la condición en la que el monotributista se ha inscripto.


Consta de 7 dígitos, que relaciona:

1° y 2°: Condición frente al impuesto integrado, categoría que reviste.

3° y 4°: Condición frente al aporte de seguridad social.

5° y 6°: Condición frente a la obra social y cantidad de adherentes.

7°: Dígito verificador.

Este código se encuentra en la credencial de pago (F.152 - Personas humanas y sucesiones indivisas / F.157- Régimen de Inclusión Social y Promoción del Trabajo Independiente) y es utilizado por el banco para cobrar el impuesto.




Fuente: CIT AFIP"
56,"Para realizar el cambio de condición de ""Responsable Inscripto"" a ""Monotributista"" se deberá:

1.- Solicitar la adhesión al Monotributo: para ello se deberás acceder al portal de Monotributo (http://bit.ly/_Monotributo), y luego realizar los siguientes pasos:

1. Presione el botón ""Comenzar"".
2. Acceder con CUIT y clave fiscal.
3. Seleccionar el botón ""Darse de alta"".
4. Se deberá de completar la información solicitada por el sistema.
5. El sistema solicitará notificarse de la presentación de la Declaración jurada de Salud (Dictamen 56108 de la Dirección General de Asuntos Jurídicos de la ANSeS) ante ANSES.
6. Finalmente se visualizará la información ingresada para su confirmación.

El sistema emitirá el formulario de adhesión (F.184/F) y la credencial de pago.
La adhesión al mismo implica la baja automática del carácter de responsable inscripto en el impuesto al valor agregado y la modificación automática de la categoría de revista de los trabajadores autónomos inscriptos con anterioridad a dicha adhesión.


2.- Realizar la baja en el Impuesto a las Ganancias, en caso de corresponder. Para ello se deberá acceder del siguiente modo:
 - Acceder con CUIT y clave fiscal desde la web Institucional www.afip.gob.ar
 - Ingresar al servicio ""Sistema Registral""
 - Seleccionar el menú ""Registro tributario"" y luego la opción ""Baja de impuestos"".
 - Se deberá de informar el período (mes - año) y el motivo de baja.
 - Finalmente el sistema emitirá el acuse de recibo correspondiente a la baja informada.


Fuente: CIT AFIP"
57,"El saldo a favor excedente podrá ser objeto de devolución.

Fuente: CIT AFIP"
58,"Podrás acceder, entre otras opciones, a:
a) Adherir al régimen: ""Alta Monotributo"".
b) Obtener las constancias de Monotributo: ""Constancias/Constancia de CUIT"".
c) Cambiar de domicilio fiscal: ""Datos personales/Domicilios"".
d) Modificar datos, por ejemplo, de actividad, altas o bajas de integrantes del grupo familiar primario, etc.: ""Datos del Monotributo/Modificar datos del Monotributo"".
e) Realizar la recategorización semestral: ""Datos del Monotributo/Recategorización"".
f) Cancelar la inscripción: ""Datos del Monotributo/Darse de baja del Monotributo"".
g) Obtener la credencial para el pago: ""Constancias/Credencial de pago"".
h) Visualizar cuantía y estado de cumplimiento de obligaciones mensuales (pagos, saldos y cálculo de deuda): ""Inicio/Estado de cuenta"".
i) Constituir el domicilio fiscal electrónico: ""Inicio/Domicilio Fiscal Electrónico"".
j) Emitir comprobantes electrónicos: ""Facturación/Factura Electrónica"".
k) Solicita el alta como empleador: ""Empleador/Voy a tener empleados"".


Fuente: AFIP"
59,"Una persona humana residente en el país, que obtenga ingresos provenientes de la locación de inmuebles situados en el exterior, se encuentra habilitada para adherirse o bien para continuar en el Régimen Simplificado para Pequeños Contribuyentes (Monotributo).
Dicha situación será viable, en la medida que se verifiquen los parámetros fijados en el respectivo marco normativo, entre ellos, total de ingresos brutos anuales y cantidad máxima de unidades de explotación.
Fuente: CIT AFIP"
60,"La credencial deberás ser sustituirla en el caso de recategorización y o si realizas modificaciones en los datos de tu Monotributo.
La nueva credencial para el pago -Formulario F. 152 o F. 157, según corresponda-, la obtendrás accediendo al portal Monotributo en la opción ""Datos del monotributo"".

Fuente: Art. 9 RG 4309/18"
61,"Para informar la baja de un adherente a la obra social se deberá:
1. Acceder al portal Monotributo (https://monotributo.afip.gob.ar/Public/landing-monotributo.aspx)
2. Seleccionar el botón ""Comenzar"".
3. Ingresar la CUIT y clave fiscal.
4. Seleccionar el ítem ""Datos del Monotributo""
5. Acceder en el botón ""Modificar mis datos"".
6. Se visualizarán los 5 pasos para realizar la modificación correspondiente. En el paso 4 se accederá a la información relacionada a la Obra social, donde el sistema expondrá el listado de los miembros de la familia incorporados a la obra social con la posibilidad de eliminar los datos del adherente cuya baja se desea realizar.
7. En el último paso se visualizarán la totalidad de los datos ingresados para ser confirmados.
8. Finalmente se obtendrá el F.184 de modificación de datos y la nueva credencial de pago.
Las cotizaciones al Régimen Nacional de Obras Sociales, originadas en la denuncia de integrantes del grupo familiar primario, resultan de pago obligatorio y por el mismo importe, hasta el mes en que el pequeño contribuyente comunique las modificaciones que hubieren tenido lugar.

Fuente: CIT AFIP"
62,"Para modificar la actividad económica deberás ingresar a través la página web www.afip.gob.ar, al servicio con clave fiscal ""Sistema Registral"", luego seleccionar la opción ""Registro Tributario"" y ""Actividades"".
También en dicha opción, se definirá, en caso de registrar más de una actividad, cuál será la principal, presionando el botón ""subir"" o ""bajar"" dependiendo del orden de la misma. Se entenderá que será la principal aquella que tenga número de orden 1.
Debes tener en cuenta que si se realiza el cambio de una actividad, deberás realizar una modificación de datos a los efectos de actualizar su situación en el Monotributo. Para realizar dicha modificación deberá de ingresar al portal ""Monotributo"", en el ítem ""Datos del monotributo"", luego seleccionar el botón ""Modificar mis datos"" y completar los datos solicitados por el sistema.

Fuente: Art. 14 Ley 26.565 y Art. 64 RG 4309/18"
63,"Para realizar la modificación deberás seguir los siguientes pasos:
1. Acceder al portal Monotributo (http://bit.ly/_Monotributo).
2. Seleccionar el botón ""Comenzar"".
3. Ingresar la CUIT y clave fiscal.
4. Seleccionar el ítem ""Datos del Monotributo"".
5. Accede en el botón ""Modificar mis datos"".
6. Completa los datos solicitados por el sistema, en el paso 3 deberás tildar la opción ""Empleado en relación de dependencia"" debiendo además de informar la CUIT de su empleador.
7. El sistema mostrará los datos que introdujiste para que los confirmes.
8. Finalmente obtendrás el F.184 de modificación de datos, y la nueva credencial de pago.
La modificación tendrá efectos a partir del período fiscal indicado en la declaración jurada.


Fuente: CIT AFIP"
64,"Para realizar la modificación deberás seguir los siguientes pasos:
1. Acceder al portal Monotributo (https://monotributo.afip.gob.ar/Public/landing-monotributo.aspx).
2. Seleccionar el botón ""Comenzar"".
3. Ingresar la CUIT y clave fiscal.
4. Seleccionar el ítem ""Datos del Monotributo"".
5. Accede en el botón ""Modificar mis datos"".
6. CompletA los datos solicitados por el sistema, en el paso 3, deberáS tildar la opción ""jubilado"" debiendo además seleccionar la ley por la cual obtuvo el beneficio jubilatorio. (Ley 24.241 ó Ley 18037/38)
7. El sistema los datos que introdujiste para que los confirmes.
8. Finalmente obtendrás el F.184 de modificación de datos, y la nueva credencial de pago.
La modificación tendrá efectos a partir del período fiscal indicado al momento de confeccionar la declaración jurada.


Fuente: CIT AFIP"
65,"Para realizar la modificación deberás seguir los siguientes pasos:
1. Acceder al portal Monotributo (http://bit.ly/_Monotributo).
2. Seleccionar el botón ""Comenzar"".
3. Ingresar la CUIT y clave fiscal.
4. Seleccionar el ítem ""Datos del Monotributo"".
5. Accede en el botón ""Modificar mis datos"".
6. Completa los datos solicitados por el sistema, en el paso 3, deberás tildar la opción ""Aporto a una Caja Previsional Provincia"", debiendo además de informar la CUIIT de la caja previsional. para que los confirmes.
7. El sistema mostrará todos los datos para que los confirmes.
8. Finalmente obtendrás el F.184 de modificación de datos, y la nueva credencial de pago.
La modificación tendrá efectos a partir del período fiscal indicado al momento de confeccionar la declaración jurada.


Fuente: CIT AFIP"
66,"Para poder hacer el cambio de obra social, deberás dirigirte a la sede de la Obra Social por la cual queres hacer el cambio y solicitar allí dicho cambio.
La cobertura de la nueva Obra Social comienza el primer día del tercer mes desde la fecha en que se realizó la opción de cambio. Ninguna Obra Social habilitada para recibir a beneficiarios monotributistas puede rechazar su afiliación.

Fuente: Res. Gral. 576/04 SSS, Decreto 504/98 y art. 69 Decreto 1/10"
67,"Para agregar a un adherente deberás seguir los siguientes pasos:
1. Acceder al portal Monotributo (http://bit.ly/_Monotributo).
2. Seleccionar el botón ""Comenzar"".
3. Ingresar la CUIT y clave fiscal.
4. Seleccionar el ítem ""Datos del Monotributo"".
5. Accede en el botón ""Modificar mis datos"".
6. Completar los datos solicitados por el sistema, en el paso 4 podrás ingresar el número de CUIL del adherente y al presionar el botón ""Buscar"" deberás de informar el vínculo familia (Cónyuge ó Hijo/a ó menor/tutelado).
7. El sistema mostrará todos los datos para que los confirmes.
8. Finalmente obtendrás el F.184 de modificación de datos, y la nueva credencial de pago.
La modificación tendrá efectos a partir del período fiscal indicado al momento de confeccionar la declaración jurada.
Debes tener en cuenta que se le adicionará $ 1.041,22.- por cada adherente que incorpores.

Además, tenes que descargar desde la página www.afip.gob.ar/formularios/ la Declaración Jurada de Salud ""Declaración Jurada de Trabajadores Autónomos/Monotributistas y presentarla, junto con el F184, ante la ANSES."
68,"El cambio de domicilio se realiza a través del sitio Web institucional www.afip.gob.ar , ingresando con ""Clave fiscal"" al servicio ""Sistema Registral"" y accediendo a la opción ""Registro Tributario"", luego debes seleccionar el ítem ""F420/D Declaración de domicilios"".
Una vez presentado el formulario, AFIP procederá a enviarte a través de correo postal una notificación con el ""código de confirmación del domicilio"", el que deberás ser ingresar con carácter obligatorio en el servicio ""Sistema Registral"" opción ""Registro Tributario - Confirmación del Domicilio"" - a los fines de confirmar el alta del domicilio.

Fuente: Art. 29 RG 2109/06"
69,"En caso de que no hayas recibido el código de confirmación del domicilio, deberás dirigirte a la agencia de la AFIP correspondiente al domicilio fiscal que queres declarar.

Deberás presentar el formulario 460/F acompañado de al menos una de las constancias que acrediten la existencia del domicilio fiscal de las que se indican a continuación:
a. Documento nacional de identidad argentino.
b. Certificado de domicilio expedido por autoridad competente.
c. Acta de constatación notarial.
d. Comprobante de un servicio a nombre del contribuyente o responsable.
e. Título de propiedad o contrato de alquiler o de ""leasing"", del inmueble cuyo domicilio se denuncia.
f. Extracto de cuenta bancaria o del resumen de tarjeta de crédito, cuando el solicitante sea el titular de tales servicios.
g. Habilitación o autorización municipal equivalente, cuando la actividad del solicitante se ejecute en inmuebles que requieran de la misma.
h. Certificado de Vivienda Familiar emitido por la Agencia de Administración de Bienes del Estado, entregado por la Administración Nacional de la Seguridad Social (ANSES).
i. Estatuto o contrato social y, en su caso, el acta de directorio o del instrumento emanado del órgano máximo de la sociedad, o instrumento constitutivo inscripto y actualizado, en los casos que el domicilio fiscal declarado coincida con el domicilio legal obrante en el citado documento.

Fuente: AFIP"
70,"Para realizar la recategorización tenes que seguir los siguientes pasos:
1) Ingresar al portal web de Monotributo (http://bit.ly/_Monotributo)
2) Indicar CUIT, clave fiscal y presionar ""Aceptar"".
3) Seleccionar la opción ""Recategorizarme"", (allí también se podrá observar los datos que posee AFIP sobre tu situación tributaria)
4) Seleccionar la opción ""Continuar recategorización"".
5) Completar el formulario de Declaración Jurada 184, informando los nuevos parámetros.
6) Indicar la opción ""Imprimir credencial"".
7) El sistema emitirá el F.184 como comprobante de la recategorización realizada y la nueva Credencial de Pago.
IMPORTANTE: La opción ""Recategorización"" sólo se encontrará disponible hasta el día 20 de los meses de enero y julio que son los meses en los que corresponde realizar la recategorización.


Fuente: CIT AFIP"
71,"Es una obligación que debes cumplir semestralmente cuando tus parámetros sean superiores o inferiores a la categoría declarada. 

Fuente: Art. 9 Ley 26.565"
72,"La recategorización la deberás realizar del 1º al 20 de enero y del 1º al 20 de julio, respecto de cada semestre concluido en junio y diciembre respectivamente.
Fuente: Art. 20 RG 4309/18"
73,"No, no quedas excluido del monotributo. Si superás los límites de la última categoría por anualización, quedás encuadrado en esa última categoría hasta la próxima recategorización semestral. 
Fuente: Art. 15 Decreto 1/10"
74,"Podrás ver tus inconsistencias a resolver con anterioridad a la recategorización, ingresando con tu CUIT y Clave Fiscal al portal para monotributistas (http://bit.ly/_Monotributo).
 
Fuente: CIT AFIP"
75,"En la recategorización deberás considerar, siempre de los 12 meses inmediatos anteriores, los ingresos brutos acumulados, y en caso de que tu actividad la lleves adelante en un local: la energía eléctrica consumida y los alquileres devengados, así como la superficie afectada a la actividad en ese momento

 
Fuente: Art. 8 Ley 26.565 y Art. 15 RG 4309/18"
76," Si aún no transcurrienro 12 meses desde tu inscripción se pueden dar alguna de las siguientes situaciones:
- Antigüedad de 6 meses o mayor: deberás anualizar los parámetros a fin de determinar la recategorización. 
¿Cómo se anualiza?
Deberás sumar los ingresos de los meses transcurridos desde el inicio de actividad, hasta la finalización del semestre calendario por el que te recategorizás, dividí ese importe por la cantidad de dichos meses y multiplicalo por 12.

- Antigüedad menor a 6 meses: te mantenés en la categoría inicial hasta la próxima recategorización.
Fuente: Art. 12 Ley 26.565 y Art. 15 Dto. 1/10"
77,"El importe correspondiente a la nueva categoría, se deberá ingresar a partir del mes siguiente al de la recategorización.
Fuente: Art. 20 RG 4309/18"
78,"No estas obligado a recategorizarte cuando cuando:
- De acuerdo a tus parámetros debas parmenecer en la misma categoría.
- En el caso de inicio de actividades, no hayan transcurrido 6 meses desde el inicio de actividades.
Fuente: Art. 21 RG 4309/18"
79,"Si realizás mal la recategorización u omitas presentar la declaración jurada de recategorización, se te aplicará una multa del 50% del impuesto integrado y el componente previsional que te hubiera correspondido abonar. 
La AFIP procederá a recategorizar de oficio, liquidando la deuda resultante.
En el caso que aceptes la recategorización de oficio, dentro del plazo de 15 días de la notificación, la sanción aplicada quedará reducirá a la mitad.

En caso que procedas a recategorizarte antes que la AFIP te notifique la deuda determinada, quedarás eximido de la sanción prevista.

Fuente: Art. 26 Ley 26.565"
80,"Si de acuerdo a tu actividad, no se deben considerar determinados parámetros, los mismos deberán ser informados con valor 1 (uno).

Fuente: CIT AFIP"
81,"En este caso no se considera una recategorización ya que no se trata de un cambio de categoría sino de régimen.

Fuente: CIT AFIP"
82,"Cuando AFIP constate que no cumpliste con la de recategorización, o que la hiciste pero de manera inexacta procederá a recategorizarte de oficio.
¿Qué significa que me recategoricé de manera inexacta?
Cuando hayas efectuado compras y gastos inherentes al desarrollo de tu actividad, adquirido bienes, realizado gastos de índole personal o tengas acreditaciones bancarias, por un valor que supere el importe de los ingresos brutos anuales máximos admitidos para tu categoría.
¿Cuál será la nueva categoría que se me asignará?
Será la que corresponda al importe de ingresos brutos anuales resultante de la sumatoria entre el monto de las compras y gastos inherentes a la actividad, o el monto de los bienes adquiridos y los gastos de índole personal realizados, o de las acreditaciones bancarias detectadas más el 20% o el 30% de dicho valor, según se trate la actividad de locación, prestación de servicios y/o ejecución de obras, o de venta de cosas muebles, respectivamente.
Fuente: Arts. 22 y 23 RG 4309/18"
83,"Los parámetros a considerar para que proceda la recategorización de oficio serán, las compras y gastos inherentes al desarrollo de la actividad de que se trate, la adquisición de bienes, los gastos de índole personal o acreditaciones bancarias, por un valor que supere el importe de los ingresos brutos anuales máximos admitidos para la categoría en la cual estas encuadrado.
La nueva categoría a asignar será la que corresponda al importe de ingresos brutos anuales resultante de la sumatoria entre el monto de las compras y gastos inherentes a la actividad, o el monto de los bienes adquiridos y los gastos de índole personal realizados, o de las acreditaciones bancarias detectadas más el 20% o el 30% de dicho valor, según se trate la actividad de locación, prestación de servicios y/o ejecución de obras, o de venta de cosas muebles, respectivamente.
Cuando AFIP constate los parámetros mencionados en el primer párrafo, procederá la recategorización de oficio
Fuente: Art. 23 RG 4309/18"
84,"AFIP notificará en tu Domicilio Fiscal Electrónico, en caso de corresponder, el primer día hábil de los meses de agosto y febrero de cada año, el acto resolutivo informando que se te recategorizo de oficio. Accediendo al servicio con clave fiscal ""Monotributo - Recategorización de Oficio - (MOREO)"" podrás consultar los motivos de dicha recategorización.

Fuente: Arts. 26 y 27 RG 4309/18"
85,"Podrás consultar los motivos de la recategorización de oficio accediendo al servicio con clave fiscal ""Monotributo - Recategorización de Oficio - (MOREO)"" .

Fuente: Arts. 26 y 27 RG 4309/18"
86,"Confirmada la decisión administrativa, la recategorización de oficio producirá efectos a partir del segundo mes inmediato siguiente al último mes del semestre calendario respectivo, y las obligaciones de pago resultantes serán de aplicación al período comprendido entre el primer día del mes siguiente al de la recategorización y el último día del mes en que deba efectuarse la siguiente recategorización.
Deberás sustituir la credencial de pago e imprimir, de corresponder, el Formulario Nº 960/D - ""Data Fiscal"" con tu nueva categoría de revista.
Fuente: Art. 32 RG 4309/18"
87,"Se podrá interponer el recurso de apelación previsto en el Artículo 74 del Decreto 1397/79, contra:
a) La recategorización por fiscalización presencial, presentando un escrito ante el funcionario que dictó el acto recurrido.
b) La recategorización de oficio por controles sistémicos, ingresando al servicio con clave fiscal ""Monotributo - Recategorización de Oficio- (MOREO)"", opción ""Presentación del recurso de apelación Art. 74 Decreto N° 1397/79"", o a través del portal para monotributistas (monotributo.afip.gob.ar).
El aludido recurso de apelación deberá interponerse dentro de los 15 días posteriores a la notificación de la recategorización de oficio.
Como constancia de la presentación a través del servicio web, el sistema emitirá un acuse de recibo y le asignará un número de solicitud, considerándose admitido formalmente el recurso.
De comprobarse errores, inconsistencias o archivos defectuosos, la presentación será rechazada automáticamente, generándose una constancia de tal situación.
El solicitante podrá efectuar el seguimiento de su presentación mediante el mencionado servicio web, opción ""Consultar estado de apelación Art. 74 Decreto N° 1397/79"" o desistir del referido recurso accediendo a la opción ""Desistir del recurso de apelación Art. 74 Decreto N° 1397/79"".

Fuente: Arts. 28 y 29 RG 4309/18"
88,"El funcionario o inspector actuante notificará al contribuyente y/o responsable, lo siguiente:
a) El incumplimiento a la obligación de recategorización, o que la recategorización cumplida y los elementos que acreditan la recategorización de oficio.

b) La categoría determinada.

c) La liquidación de la deuda en concepto de diferencias de impuesto integrado y cotización previsional, con más sus accesorios.

d) La referencia a que la conducta observada encuadra en la infracción del 50% del impuesto integrado y de la cotización previsional que les hubiera correspondido abonar, por la omisión del el pago del tributo que les hubiere correspondido, prevista en el inciso b) del artículo 26 de la Ley de Monotributo, y que, si acepta la liquidación practicada y se recategoriza voluntariamente, quedará eximido de dicha sanción.
El contribuyente y/o responsable podrá, en el mismo acto de la notificación o dentro de los 10 días posteriores, presentar formalmente su descargo indicando los elementos de juicio que hacen a su derecho.
El juez administrativo interviniente -previa evaluación del descargo presentado y del resultado de las medidas para mejor proveer que hubiere dispuesto, en su caso- dictará resolución disponiendo, según corresponda:

1. La recategorización del pequeño contribuyente, indicando:

a) La fecha a partir de la cual operará la misma.
b) Los montos adeudados en concepto de impuesto integrado, cotización previsional y accesorios, acompañando la liquidación practicada.
c) La sanción aplicada, haciéndole saber que si acepta la recategorización practicada dentro del plazo de 15 días de su notificación, dicha sanción quedará reducida de pleno derecho a la mitad.

2. El archivo de las actuaciones.
No se emitirá la resolución si el contribuyente se recategoriza correctamente y de manera voluntaria con anterioridad al dictado de la misma.

Fuente: Art. 25 RG 4309/18"
89,"Si, podras interponer el recurso de apelación ante el Director General, previsto en el artículo 74 del decreto 1397/1979.
El escrito respectivo deberá ser presentado ante el funcionario que dictó el acto recurrido, dentro de los 15 días de su notificación.
Fuente: Arts. 28 y 56 RG 4309/18"
90,"Podes ser Monotribustistas si:
- Sos una persona humana que vende algún producto o servicio, como también si realizas alguna actividad primaria.
- Integras una cooperativa de trabajo.
- Formás parte de una sucesión indivisa que continúa realizando la actividad de una persona física fallecida que fue monotributista hasta que finalice el mes en que se dicte la declaratoria de herederos o se declare la validez del testamento que verifique la misma finalidad o se cumpla un año dese el fallecimiento del causante, lo que suceda primero.

Fuente: Art. 2 Ley 26.565"
91,"Para poder adherir al Monotributo tenes que cumplir con algunos requisitos, ellos son:
1)Que en los doce meses anteriores anteriores a la fecha de adhesión hayas obtenido, en el caso que tu actividad sea de prestación de servicio, ingresos brutos inferiores a $ 1.739.493,79 y en el caso de venta de cosas muebles $ 2.609.240,69.
2) Que en el mismo período de doce meses indicado en el punto 1, en el caso de que tu actividad la lleves a cabo en un local, no superes los parámetros máximos de las magnitudes físicas, y alquileres devengados que se establecen para la categorización, a los efectos del pago del impuesto integrado que les correspondiera realizar.
3) Que el precio máximo unitario de venta de tus productos no supere los $29.119,56.
4) No haber realizado importaciones de cosas muebles y/o servicios para su comercialización posterior, durante los últimos 12 meses.
5)  No lleves adelante más de tres 3 actividades simultáneas o tenés más de 3 locales.

Fuente: Art. 2 Ley 26.565"
92,"No se encuentran comprendidos en el Régimen de Monotributo los ingresos provenientes de prestaciones e inversiones financieras, compraventa de valores mobiliarios y de participaciones en las utilidades de cualquier sociedad no incluida en el mismo.


Fuente: Art. 1 Decreto 1/2010"
93,"Si, en los últimos doce meses del año calendario realizaste importaciones de cosas muebles y/o de servicios para su comercialización posterior, no podrás adherir al Monotibuto, ya que no cumplís con uno de los requisitos que establece la Ley.
Fuente: Art. 2 Ley 26.565"
94,"Podrás realizar exportaciones siendo monotributista ya que las mismas no se encuentran excluidas del regimen.
Fuente: Ley 26.565"
95,"En la medida que la actividad encuadrada en el Monotributo cumpla con los requisitos para optar por el régimen, puede mantener la inscripción en el mismo.

Por otra parte, ante la situación planteada, podrá mantener su inscripción en el Régimen General por la actividad exenta en IVA - tributando Impuesto a las Ganancias por las rentas obtenidas - , no obstante lo cual deberá considerar la totalidad de los ingresos brutos obtenidos a los efectos de su categorización en el Monotributo así como su consideración para la determinación de la exclusión en el citado régimen, a excepción de los indicados en el párrafo siguiente.
Cuando los ingresos obtenidos por la actividad del Régimen General - exenta en IVA - estén originados en el ejercicio de la dirección, administración, conducción de sociedades no comprendidas en el Monotributo, no deberán computarse a los fines de su categorización, recategorización o exclusión en el mencionado Monotributo. A modo de aclaración, se mencionan las actividades exentas cuyos ingresos brutos no resultan computables:

- Director de SA.

- Socio Gerente de SRL.
Fuente: CIT AFIP"
96,"Como Monotributista podes tener empleados. Recordá que por tus empleados deberás realizar los aportes y contribuciones según lo indica el Régimen General de Seguridad Social.

Fuente: Art. 38 Anexo Ley 24.977"
97,"Podrás optar por inscribirse como Monotributista siempre y cuando cumplas con los parámetros establecidos por el régimen.
Cuando ya no lleves adelante las actividades, deberás solicitar la correspondiente baja.
Fuente: Art. 8 Ley 26.565"
98,"No, el Regimen de Monotributo no esta previsto para personas que residan en el exterior.
Fuente: Ley 26.565"
99,"Si trabajas en relación de dependendia y realizas otra actividad de forma indipendiente podes adherir por esta actividad al Monotributo. No son incompatibles estos regimenes.
Al momento de adherir al Monotributo debes aclarar que trabajas en relación de dependencia, por lo que no pagaras los conceptos correspondientes a Jubilación y Obra Social.
Fuente: Art. 40 Ley 26.565"
100,"Si por alguna de tus actividades te corresponde incorporarte al Régimen General e inscribirte en el Impuesto al Valor Agregado, no podrás conservar tu condición de Monotributista.  
Fuente: Art. 1 Decreto 1/2010"
101,"No vas a podar optar por incribirte en el Monotributo por esta actividad, ya que se trata de una operación de venta y no cumplís con la condición de que el precio unitario de venta sea inferior o igual a $19.269,14. En este caso te corresponde incribirte en Regimen General."
102,"Podrá adherir al Monotributo siempre que cumpla con los siguientes requisitos:
1)Que en los doce meses anteriores anteriores a la fecha de adhesión hayas obtenido, en el caso que tu actividad sea de prestación de servicio, ingresos brutos inferiores a $ 1.739.493,79 y en el caso de venta de cosas muebles $ 2.609.240,69.
2) Que en el mismo período de doce meses indicado en el punto 1, en el caso de que tu actividad la lleves a cabo en un local, no superes los parámetros máximos de las magnitudes físicas, y alquileres devengados que se establecen para la categorización, a los efectos del pago del impuesto integrado que les correspondiera realizar.
3) Que el precio máximo unitario de venta de tus productos no supere los $29.119,56.
4) No haber realizado importaciones de cosas muebles y/o servicios para su comercialización posterior, durante los últimos 12 meses.
5)  No lleves adelante más de tres 3 actividades simultáneas o tenés más de 3 locales.

Fuente: Art. 2 Ley 26.565"
103,"Si, puede ser monotributista.
Fuente: Art. 47 Ley 26.565"
104,"Atento lo previsto en los artículos 284, siguientes y concordantes de la Ley General de Sociedades Nº 19.550, las funciones de los síndicos responden, entre otras, a la verificación y fiscalización de la administración de la sociedad, como así también controlar que los órganos sociales den debido cumplimiento a la ley, estatuto, reglamento y decisiones asambleístas. Sentado ello, podrán hacer uso de la opción para el Régimen Simplificado (Monotributo), aquellos sujetos cuyos ingresos provengan del ejercicio de las funciones de síndicos societarios, atento a no encuadrar en lo dispuesto en el artículo 4 del Decreto 1/2010.

Fuente: CIT AFIP"
105,"No podrá adherirse al monotributo ya que no desarrolla ninguna de las actividades comprendidas en el art. 2 de la Ley 26.565, por la cual se considera pequeño contribuyente a las personas físicas que realicen venta de cosas muebles, locaciones y/o prestaciones de servicios, o integren cooperativas de trabajo.
En lo expuesto precedentemente no se encuentra contemplada la cesión de derechos de propiedad intelectual.

Fuente: CIT AFIP"
106,"Para determinar la cantidad de unidades de explotación a los efectos de la exclusión o no del Monotributo, resulta relevante la integridad que las partidas conforman entre si, es decir, que las mismas se encuentren dispuestas en forma contigua y a su vez representen para el locador una sola fuente de producción de ingresos.

En conclusión, cuando las parcelas integran un todo, de modo tal que las mismas puedan ser entendidas como una sola fuente de ingresos, esto es, que además de tratarse de parcelas contiguas, son alquiladas a un mismo locatario no pudiéndose identificar el valor del alquiler de cada una de ellas, según el respectivo contrato, cabe considerar a los efectos de la exclusión del Régimen Simplificado, que las tales partidas inmobiliarias rurales alquiladas constituyen una unidad de explotación.


Fuente: Asesor Impositivo"
107,"En caso de ser monotributista y que te corresponda pagar Impuesto a los Bienes Personales, deberás ingresar con clave fiscal a http://bit.ly/_AFIP y luego al servicio ""Bienes Personales Web"".
1) En nueva declaración jurada: iniciar mi declaración jurada.
2) Allí podrás registrar tus bienes: inmuebles, derechos reales, automotores y otros rodados, dinero y depósito de dinero, títulos, acciones, cuotas o participaciones sociales, patrimonio de empresas y explotaciones unipersonales, créditos y debentures, derechos de propiedad científica, literaria o artística, marcas, patentes y licencias, otros bienes y objetos personales y del hogar.
3) Luego de acuerdo a lo registrado, figurará el impuesto determinado.
4) Y finalmente figurará el saldo resultante a pagar, donde permite establecer las retenciones o percepciones que nos realizaron. 
5) Para finalizar, hacer click en ""Validar datos"" y luego en ""Presentar Declaracón Jurada"".

Fuente: Arts. 1 y 2 RG 4052/17"
108,"Para determinar la cantidad de fuentes de ingreso, primero se deben sumar las unidades de explotación y luego las actividades económicas desarrolladas que no posean unidades de explotación.
Por lo tanto en tu caso, serán solamente dos unidades de explotaciones (el local existente y el que estás por abrir), y de esta manera, no quedás excluido del monotributo.

Fuente: Art. 27 Decreto 1/10"
109,"Si sos monotributista deberás presentar la declaración jurada del impuesto a las ganancias en los siguientes casos:
a) Cuando te hayas adherido al monotributo con posterioridad al inicio del año calendario y se hayan desarrollado actividades sujetas al impuesto a las ganancias con anterioridad a la fecha de adhesión al monotributo.
b) Cuando debas continuar cumpliendo tus obligaciones de determinación y/o ingreso del impuesto, respecto de actividades no incluidas en el Monotributo, con independencia de tu adhesión al mismo.

Fuente: Art. 74 RG 4309/18"
110,"Si sos responsable inscripto en IVA, podrás optar por adherirte al monotributo en cualquier momento, siempre y cuando, en el caso de estar inscripto en IVA por haber sido excluido del monotributo, deberán haber pasado 3 años calendario desde el momento de la exclusión.

Fuente: CIT AFIP"
111,"Si transcurridos 6 meses desde el alta en el monotributo, debes anualizar tus ingresos brutos y energía eléctrica y superás el máximo establecido para la categoría más alta ($260.9240,69 y 20.000 Kw respectivamente), podrás permanecer en el monotributo en la última categoría hasta la próxima recategorización.

Fuente: Art. 15 Decreto 1/10"
112,"Si ejercés más de una actividad y una de ellas está encuadrada en el monotributo podrás permanecer en él. Si otra de tus actividades está encuadrada en el régimen general de IVA podrás mantener tu inscripción en el mismo, tributando Impuesto a las Ganancias por las rentas obtenidas.
Tenés que tener en cuenta que deberás considerar la totalidad de los ingresos brutos obtenidos para la categorización en el Monotributo, excepto cuando las actividades se traten del ejercicio de la dirección, administración, conducción de sociedades no comprendidas en el Monotributo.

Fuente: CIT AFIP"
113,"No podrás adherirte al monotributo por la renta presunta, ya que esta activadd no es una unidad de explotación y/o actividad económica para el monotributo.

Fuente: Art. 17 Decreto 1/10"
114,"Para adherirte al monotributo como 
1) Solicitar CUIT del condminio para luego informarla al momento de la adhesión de los condóminos.
2) Solicitar CUIT de los condóminos.
3) Inscripción como monotributista de cada condómino a través de: http://bit.ly/_Monotributo"
115,"Los condominios no pueden adherirse al Monotributo desde el 01/06/2018.
No obstante, cada condómino puede adherir en forma individual al Monotributo en la medida que cumplan con las condiciones previstas para la adhesión, categorización y permanencia en el mismo, considerando la parte que le corresponda sobre los parámetros que resulten aplicables.
Al momento de adhesión se deberá informar el porcentaje atribuible de participación en el condominio, junto a los datos identificatorios que permitan individualizar a este último y a los restantes condóminos integrantes del mismo. A tal efecto, deberá solicitarse previamente la CUIT del condominio para su información al momento de la adhesión de los condóminos.
Es requisito, que todos los condóminos a los que resulten atribuibles los ingresos provenientes de la actividad de locación de cosas muebles o inmuebles en condominio, adhieran en forma individual al Régimen por todas las locaciones del mismo condominio.

Fuente: Art. 2 Anexo Ley 24.977, Art. 5 Dto. 1/10 y Arts. 5 y 7 RG 4309/18"
116,"Podrás pagar en efectivo si sos: pequeños contribuyente inscripto en el Registro Nacional de Efectores de Desarrollo Local y Economía Social del Ministerio de Desarrollo Social, asociado a cooperativas de trabajo o adherido al Régimen de Inclusión Social y Promoción del Trabajo Independiente.


Fuente: Art. 36 RG 4309/18"
117,"Deberás presentar el siguiente formulario para pagar en efectivo, según cómo estés inscripto:
- F. 152: Pequeños contribuyentes inscriptos en el Registro Nacional de Efectores de Desarrollo Local y Economía Social del Ministerio de Desarrollo Social y Asociados a cooperativas de trabajo
- F. 157: Adheridos al Régimen de Inclusión Social y Promoción del Trabajo Independiente.                                                         

Fuente: Arts. 8 y 36 RG 4309/18"
118,"Deberás pagar el primer mes de monotributo en el mes en que te hayas adherido.
Podrás pagarlo hasta el último día del mes, por única vez.
Ej: Si corre el mes de enero y te adherís para el período enero, deberás pagar enero, hasta el último día del mes. Si te adherís para el período febrero, deberás pagar a partir de febrero.


Fuente: Arts. 6 y 35 RG 4309/18"
119,"En caso de corresponder el ingreso de diferencias de Monotributo, se deberá generar un VEP, por cada concepto y período, a través del servicio con clave fiscal ""Presentación de DDJJ y Pagos"", para ello deberás seguir los siguientes pasos:
Pago de Capital:
1. Seleccionar tu CUIT.
2. Organismo Recaudador: seleccionar ""AFIP"".
3. Grupos de tipos de pagos: seleccionar ""MONOTRIBUTO"".
4. Tipo de pago: seleccionar ""MONOTRIBUTO PAGO AJUSTES"".
5. Podrás seleccionar los siguientes impuestos: MONOTRIBUTO (20) o MONOTRIBUTO AUTÓNOMO (21), OBRA SOCIAL (24), CONCEPTO: OBLIGACION MENSUAL/ANUAL (19), SUBCONCEPTO: AJUSTES (78).

Pago de Intereses:
1. Seleccionar tu CUIT.
2. Organismo Recaudador: seleccionar ""AFIP"".
3. Grupos de tipos de pagos: seleccionar ""MONOTRIBUTO"".
4. Tipo de pago: seleccionar ""MONOTRIBUTO PAGO AJUSTES"".
5. Podrá seleccionar los siguientes impuestos: MONOTRIBUTO (20) o MONOTRIBUTO AUTÓNOMO (21), OBRA SOCIAL (24), CONCEPTO: OBLIGACION MENSUAL/ANUAL (19), SUBCONCEPTO: INTERESES RESARCITORIOS (51).
Fuente: AFIP"
120,"Para cancelar los intereses generados por abonar la obligación mensual fuera de término, deberás confeccionar un volante electrónico de pagos (VEP), el que podrá generarse:
- Ingresando al servicio con clave fiscal ""Presentación de DDJJ y Pagos"" donde podrás generar un VEP para cada obligación.

- Mediante el servicio con clave fiscal ""CCMA - Cuenta Corriente para Monotributistas y Autónomos"". 
- Accediendo con CUIT y clave fiscal al portal web mediante la opción ""Ver saldo/Pagar"" del menú ""Estado de cuenta"".

Luego de generado el VEP, se deberá optar por alguno de los siguientes métodos para su cancelación:
- Transferencia electrónica de fondos (por ejemplo: homebanking, pagomiscuentas, etc.)
- Tarjetas de crédito.
- Cualquier otro medio de pago electrónico admitido o regulado por el BCRA e implementado por AFIP.

ACLARACIÓN: En caso de realizar el pago en una entidad de cobro habilitada mediante la utilización de tarjeta de débito, en lugar de VEP, deberás utilizar el F. 155.
Fuente: Art. 42 RG 4309/18 y Art. 6 RG 4084/17"
121,"El pago del monotributo vence el día 20 de cada mes o día siguiente hábil.
En caso que sea el primer pago vence el último día del mes.

Fuente: Arts. 35 y 44 RG 4309/18"
122,"El monotributo se puede pagar de las siguientes formas:
- Generación de un VEP (Volante Electrónico de Pago)
- Débito automático mediante una tarjeta de crédito
- Débito a través de un cajero automático
- Débito directo de una cuenta bancaria
- Pago electrónico mediante una tarjeta de débito o crédito
- Cualquier otro medio de pago electrónico admitido

Fuente: Arts. 1, 2 y 3 RG 3936/16 y Art. 36 RG 4309/18"
123,"Desde el portal de Monotributo:
- Pagos
- Adherir al débito automático 
- Seleccionás el CBU declarado previamente
- ""Adherir a débito automático""

Otra opción es solicitar directamente a la entidad bancaria la adhesión al servicio de débito automático.

Fuente: Art. 36 RG 4309/18"
124,"Podrás adherirte al débito automático de tu tarjeta de crédito vía telefónica o a través de los sitios webs de VISA o Mastercard.

· Argencard - Mastercard - (011) 4340-5665
· Cabal - (011) 4319-2550
· Visa - (011) 4378-4499

http://www.visa.com.ar/
www.masterconsultas.com"
125,"Sí, el pago fuera de término genera intereses.

Podrás consultar el importe de los mismos ingresando al servicio CCMA - Cuenta Corriente Monotributistas y Autónomos.


Fuente: CIT AFIP"
126,"Podés ver el listado de entidades bancarias habilitadad al cobro de VEP en el siguiente link:

http://www.afip.gob.ar/comoPagarImpuestos/documentos/BancosQueOperanConVEP.pdf


Fuente: CIT AFIP"
127,"Se podrá efectuar el pago de cargas sociales a través de la generación de VEP o mediante la ""Billetera Electrónica AFIP"".


Fuente: Art. 38 Anexo Ley 24.977, Art. 2 RG 1778/04 y Art. 3 RG 4335/18"
128,"Deberás haber cumplido en tiempo y forma con el pago del monotributo, correspondentes a los 12 meses calendario.
Sólamente se te reintegrará si efectuaste los pagos mediante algunas de las 2 siguiente modalidades: débito automático de la tarjeta de crédito y/o débito directo de cuenta bancaria.
El reintegro se te hará durante el mes de marzo.

El importe a reintegrar será efectuado automáticamente mediante la acreditación en la cuenta adherida o en la tarjeta de crédito correspondiente.

Si transcurrieron menos de 12 meses de estar adherido al monotributo , el reintegro procederá en un 50%, siempre que la cantidad de cuotas ingresadas en tiempo y forma fueran entre 6 y 11, ambas inclusive.


Fuente: Art. 43 RG 4309/18 y Art. 31 Decreto 1/10"
129,El monotributista no puede fraccionar el pago de jubilación y obra social. Debe pagar todo junto ya que es un impuesto integrado.
130,"Deberás pagar hasta el mes inclusive en el que te estás dando de baja. Sin importar la fecha en que estás haciendo el trámite, podrás elegir el período desde el cual te querés dar de baja, ese será el último mes que estarás obligado a pagar.

Fuente: Art. 38 RG 4309/18"
131,"Si sos socio de una Cooperativas de Trabajo, abonarás solamente las cotizaciones previsionales y estarás exento de abonar el impuesto integrado, excepto que superes la suma de $208.739,25 anuales de ingresos brutos. En ese caso deberás pagar el impuesto integrado de acuerdo a tu categoría.

Fuente: Art. 47 Anexo Ley 24.977"
132,"Si tu cooperativa de trabajo está inscripta en el Registro Nacional de Efectores de Desarrollo Local y Economía Social y tenés ingresos brutos anuales de hasta $208.739,25, estás exento de ingresar el impuesto integrado y el aporte previsional. 
Sólo deberás realizar el pago a la obra social, que tendrá un descuento del 50%.


Fuente: Art. 47 Anexo Ley 24.977 y Art. 2 RG 3866/16"
133,"Si estás adherido al Régimen de Inclusión Social y Promoción del Trabajo Independiente, podrás pagar los meses faltantes o su fracción hasta el 20 de enero inmediato siguiente al de la finalización de cada año calendario.
El pago se puede realizar presentando el formulario F155.
Se deberá consignar como período 12 y el año correspondiente.
Ej: Para el año 2019, deberás colocar: 12/2019."
134,"Para imprimir la credencial de pago, deberás entrar la portal de Monotributo y la obtendrás desde 2 opciones:
1- En inicio, seleccionar en ""Monotributo unificado"", ""Imprimir credencial""
2- En Constancias, seleccioná en ""Credencial de pago"", ""Ver credencial de pago""."
135,"Podrás regularizar tu deuda mediante un VEP, desde las siguientes opciones:
- Desde el servicio ""Presentación de DDJJ y Pagos""
- Mediante el servicio ""CCMA - Cuenta Corriente para Monotributistas y Autónomos""
- Desde el portal de Monotributo, en la opción ""Estado de Cuenta"", ""ver Saldo/Pagar"".

Podrás generar un plan de facilidades de pago.

Fuente: CIT AFIP"
136,"Para reafectar pagos imputados erróneamente deberás hacerlo a través del servicio ""CCMA - Cuenta Corriente de Monotributistas y Autónomos"".

Debés tener en cuenta que:
- El importe a reafectar mantiene el valor de la fecha del pago original.
- No se podrán reafectar valores a los intereses cuando exista un saldo remanente de capital.
- Para evitar generar saldos a favor innecesarios, es conveniente aplicar el excedente en el siguiente orden:
1- Capital adeudado (Concepto 019)
2- Intereses resarcitorios (Concepto 051)
3- Intereses capitalizables (Concepto 052)

Para la reimputación de la Obra Social (Concepto 024) deberás dirigirte a la dependencia de AFIP que te corresponda.

Fuente: CIT AFIP"
137,"Figura en los períodos mensuales iniciados a partir del 1 de julio del 2004.

Fuente: Art. 2 RG 1996/06"
138,"Tus deudas, obligaciones devengadas y/o multas firmes se verán reflejadas en el sitio web de AFIP, y AFIP te podrá exigir su pago.

Fuente: Art. 2 RG 1996/06"
139,"Desde el servicio CCMA, podrás:

- Visualizar y conocer la información relativa a tus deudas, pagos, intereses y saldos, ordenados por períodos y conceptos.
- Corregir la incorrecta imputación de los pagos registrados en el sistema, cuando los hayas abonado en forma errónea, a fin de cancelar (Total o parcialmente) obligaciones adeudadas que surjan del sistema.
- Calcular tus obligaciones adeudadas (Capital e intereses) a una fecha determinada.
- Generar los volantes de pago, manuales y/o electrónicos (VEP), para la cancelación de las obligaciones adeudadas.

Fuente: CIT AFIP"
140,"Cualquier diferencia que surja entre tus pagos realizados y lo que figura en el sistema ""CCMA - Cuenta corriente"", podrás reclamarlas en el mismo sistema o ante la dependencia de AFIP que te corresponda.
En caso de optar por ir presencialmente a AFIP, deberás presentar una multinota (F 206/M) junto con los comprobantes o elementos que respaldan la corrección de lo solicitado.
Tené en cuenta que si recientemente has realizado un pago, puede que aún no haya imputado y por ende, no se vea reflejado.

Fuente: Art. 6 RG 1996/06"
141,"Los beneficios previsionales podrás verlos reflejados en la Cuenta Corriente.

Fuente: CIT AFIP"
142,"Para la emisión de facturas podrás optar por:
- Controlador fiscal.
- Factura electrónica.
- Ambos.


Fuente: Art. 6 RG 4290/18"
143,"Se encuentran obligados a emitir comprobantes manuales:
a) Los monotributistas que permanezcan en el Régimen de Inclusión Social y Promoción del Trabajo Independiente o se encuentren inscriptos en el Registro Nacional de Efectores de Desarrollo Local y Economía Social del Ministerio de Desarrollo Social.

b) Los sujetos no alcanzados por el IVA

No obstante, los mencionados sujetos podrán optar por emitir comprobantes electrónicos originales.

Fuente: Arts. 12 y 13 RG 4290/18"
144,"Deberás exhibir en tu local el Formulario 960/D - Data Fiscal, el cual tiene impresos tus datos identificatorios, las formas de pago aceptadas en el establecimiento y un código de respuesta rápida (QR).

Fuente: Arts. 24 y 25 RG 1415/03"
145,"*Comprobantes tipo ""C"" (excepto Ticket)
* Remitos tipo ""R""
*Comprobantes tipo ""E"" (por operaciones de exportación)
Fuente: Art. 16 RG 1415/03"
146,"Si tenes inconvenientes con tu controlador fiscal, podrás optar por emitir los comprobantes que respalden sus operaciones mediante:
a) Factura Electrónica
b) CAEA (Web Service)
c) Manual (talonario) / Autoimpresor"
147,"Los comprobantes de exportación emitidos por monotributistas deben contener la letra ""E"".
Fuente: Art. 17 RG 1415/03"
148,"Los comprobantes ""C"" o ""E"" deben contener código de baras.
Fuente: Art. 1 RG 1702/04"
149,"Los monotributistas no se encuentran obligados a realizar registraciones de sus comprobantes emitidos y/o recibidos.
Fuente: Art. 7 RG 1415/03"
150,"Tenes que conservar todos los comprobantes de las operaciones vinculadas a tu actividad durante 5 años posteriores a la prescripción del período fiscal al que pertenece dicho comprobante. Es decir, desde la fecha del comprobante, una vez  prescripto ese período fiscal, deberás conservarlo durante 5 años más.
Fuente: Art. 48 Decreto 1397/79"
151,"Los remitos deberán contener la letra ""R"". Cuando utilices remitos para respaldar el traslado y/o entrega de productos dentro de un mismo predio, polo o parque industrial, dichos documentos estarán identificados con la letra ""X"".
Fuente: Art. 28 RG 1415/03 y Arts.1 y 2 RG 4053/17"
152,"Se encuentran exceptuados de emitir comprobantes electrónicos, los sujetos adheridos al Régimen Simplificado para Pequeños Contribuyentes (RS) que permanezcan en el Régimen de Inclusión Social y Promoción del Trabajo Independiente o aquellos inscriptos en el Registro Nacional de Efectores de Desarrollo Local y Economía Social del Ministerio de Desarrollo Social.

Fuente: Art. 6 RG 4290/18"
153,"Deberás emitir en forma electrónica los siguientes tipos de comprobantes:
a) Facturas ""C"".
b) Notas de crédito y notas de débito ""C"".
c) Recibos ""C"".

Fuente: Art. 29 RG 4290/18"
154,"Desde el 01/04/2019, todos los comprobantes todos los comprobantes deben realizarce mediante emisión electrónica.

Fuente: Art. 29 RG 4290/18"
155,"Deberán emitir facturas clase ""C"" con la leyenda ""MONOTRIBUTO TRABAJADOR INDEPENDIENTE PROMOVIDO"".

Fuente: Art.16 y Anexo II RG 1415/03"
156,"Deberán emitir facturas clase ""C"" con la leyenda ""MONOTRIBUTISTA SOCIAL"".

Fuente: Art. 16 y Anexo II RG 1415/03"
157,"Si no exhibis la documentación correspondiente podes ser sancionado con la clausura de 1 a 5 días.

Fuente: Art. 25 Ley 26.565"
158,"La sanción correspondiente es de la clausura de 1 a 5 días, cuando las operaciones no se encuentren respaldadas por las respectivas facturas o documentos equivalentes por las compras, locaciones o prestaciones aplicadas a la actividad.

Fuente: Art. 26 Ley 26.565"
159,"La sanción correspondiente es de la clausura de 1 a 5 días, cuando las operaciones no se encuentren respaldadas por las respectivas facturas o documentos equivalentes por las compras, locaciones o prestaciones aplicadas a la actividad.

Fuente: Art. 26 Ley 26.565"
