IUCA,Texto Consulta Usuario
29,¿Existe una alícuota diferencial en los servicios públicos para los Monotributistas?
29,¿Resulta aplicable la alícuota del 27% para las prestaciones de servicios públicos recibidas por los monotributistas?
29,¿Se aplica  la alícuota del 27% en las facturas de servicios públicos a los Monotributistas?
29,La alícuota del 27% en los servicios públicos ¿se aplica para los monotributistas?
29,"Si soy monotributista, ¿se me aplica la alicuota del 27 porciento en los servicios públicos?"
86,¿Cuándo se producen efectos de la recategorización de oficio?
86,¿Desde qué fecha tienen vigencia mi nueva categoría en caso de recategorización de oficio?
86,¿En qué momento se producen cambios de la recategorización de oficio?
86,¿En qué tiempo se producen efectos de la recategorización de oficio?
86,"¿La fecha de entrada en vigencia de mi nueva categoría, a raíz de una recategorización de oficio, es la misma que si yo me hubiera recategorizado correctamente?"
86,"Si me recategorizan de oficio, ¿A partir de cuándo paso a la nueva categoría?"
50,¿Cuándo puedo llamarme monotributista si realizo la inscripción hoy?
50,¿Desde cuándo soy Monotributista?
50,¿El alta del Monotributo depende del día o del mes en que lo haga?
50,¿Puedo inscribirme en el Monotributo hoy pero darle inicio el mes que viene?
50,¿Puedo inscribirme en el Monotributo retroactivamente?
50,¿Si me adhiero al monotributo ya soy monotributista?
50,¿Soy Monotributista desde el día en que me inscribo?
50,"Una vez inscripto, ¿ya tiene efecto el monotributo?"
8,¿Cuándo se refleja en el sistema la baja del monotributo por exclusión?
8,¿Desde cuándo tiene vigencia la baja del Monotributo por exclusión?
8,¿Desde qué momento se hace efectiva la baja por exclusión?
8,Si me excluyen del Monotributo ¿Desde cuándo comienza a tener vigencia?
8,Si me excluyen del Monotributo ¿Hasta qué fecha sigo siendo Monotributista?
6,¿Cuándo se refleja en el sistema la baja del monotributo?
6,¿Cuándo tendrá efecto la solicitud de baja por cese de actividad?
6,¿Desde cuándo tiene vigencia la baja del Monotributo?
6,Si me doy de baja del Monotributo ¿Desde cuándo comienza a correr?
6,Si me doy de baja del Monotributo ¿Hasta qué fecha sigo siendo Monotributista?
137,¿A partir de qué fecha se puede encontrar información en el servicio CCMA?
137,¿A partir de qué período encuentro información en el servicio CCMA?
137,¿Aparece toda la información en el servicio CCMA?
137,¿Desde qué fecha es la información que figura en el servicio CCMA?
137,¿Desde qué período está la información en el CCMA?
39,¿Puede alguien nacido en el exterior solicitar el monotributo sin tener DNI?
39,¿Puedo inscribirme en el monotributo siendo extranjero? ¿Qué debería presentar si no poseo DNI?
39,"¿Qué documentación debo presentar si soy extranjero y no tengo DNI?"
39,¿Un extranjero puede solicitar el CUIT para monotributo? ¿Y si no tiene DNI?
39,"Si soy extranjero y no poseo DNI ¿Puedo inscribirme en el Monotributo?"
39,"Soy extranjero, llevo viviendo mucho tiempo acá pero no tengo DNI, ¿cómo debo proceder para inscribirme en el monotributo? ¿Se puede?"
133,¿Cómo tienen que hacer el pago del año los adheridos al régimen de inclusión social?
133,¿De qué forma deben realizar el pago anual las personas del Régimen de Inclusión Social y Promoción del Trabajo Independiente?
133,"Las personas que están en el Régimen de Inclusión social y promoción del trabajo, ¿cómo deben realizar el pago anual?"
133,Si estoy adherido al Régimen de Inclusión Social y Promoción del Trabajo Independiente ¿Cómo es el pago anual que tengo que hacer?
133,Si estoy adherido al Régimen de Inclusión Social y Promoción del Trabajo Independiente ¿Cómo puedo pagar anualmente?
140,¿Cómo notifico una diferencia con el sistema?
140,¿Cómo reclamo la discrepancia con el sistema?
140,¿Dónde puedo reclamar una diferencia existente en el sistema?
140,"Noto una discrepancia con el sistema, ¿Qué hago?"
140,"Si pagué de más el Monotributo ¿Puedo hacer el reclamo?"
140,"Tengo una diferencia con el sistema, ¿Cómo la comunico?"
87,¿Cuál es el procedimiento a seguir  en caso de no estar conforme con la recategorización de oficio?
87,¿Cuál es el trámite a seguir para el caso de disconformidad con la recategorización de oficio?
87,¿Cuál es el trámite para expresar mi disconformidad con la recategorización de oficio?
87,¿Puedo hacer un reclamo ante una recategorización de oficio?
87,¿Qué puedo hacer si no estoy de acuerdo con la recategorización de oficio?
87,¿Qué trámite se debe efectuar para el caso  de disconformidad con la recategorización de oficio?
87,"Para el caso de disconformidad con la recategorización de oficio, ¿Cuáles son los procedimientos a seguir?"
42,¿Cómo puedo demostrar que mi domicilio fiscal es diferente al de mi DNI?
42,¿Debo hacer algún trámite para demostrar mi domicilio fiscal cuando no es el lugar donde vivo?
42,¿Qué documentación puedo presentar para demostrar mi domicilio fiscal?
42,"Si mi domicilio fiscal no es el lugar donde vivo, ¿qué tramites debo hacer para acreditarlo?"
42,Si mi domicilio fiscal no es el que figura en el DNI ¿Qué debo hacer?
42,"Si mi local es alquilado, ¿debo presentar el contrato de alquiler para mostrar que será el domicilio fiscal?"
136,¿Cómo puedo tomar el saldo de los pagos hechos erróneamente?
136,¿cómo solicito que reconsideren pagos imputados por error?
136,¿Puedo reafectar pagos de más hechos anteriormente?
136,¿qué hago para reafectar pagos imputados por equivocación?
136,"El pago erróneamente imputado, ¿cómo se puede reafectar?"
136,"El pago imputado por error, ¿Se puede reafectar?"
123,¿Cómo gestiono el débito automático para el pago del monotributo?
123,¿Cómo me adhiero al débito automático de mi cuenta bancaria?
123,¿Cómo puedo hacer para pagar el monotributo con débito automático?
124,¿Cómo me adhiero al débito automático de mi tarjeta de crédito?
124,¿Cómo pago el monotributo con la tarjeta de crédito?
124,¿Cómo puedo pagar mensualmente con mi tarjeta de crédito?
67,¿Cómo puedo agregar a una persona a la obra social?
67,¿Cuáles son los requisitos para ingresar una persona a la obra social?
67,¿Puedo agregar a un adherente a la obra social en cualquier momento?
67,¿Puedo incorporar un adherente a la obra social desde la web de AFIP?
67,¿Qué debo hacer si quiero agregar a alguien a la obra social?
67,"Si quiero ingresar un integrante de mi familia a la obra social, ¿qué debo hacer?"
16,¿Debo tomar sólo una actividad como referencia para la categorización?
16,¿Qué ingresos tengo que tener en cuenta si realizo más de una actividad?
16,"En caso de realizar más de una actividad, ¿en base a cuál determino la categorización?"
16,Si estoy inscripto en varias actividades ¿La categorización es una sola o por actividad?
16,Si realizo varias actividades ¿cómo me categorizo?
69,"¿Cómo seguir si pasados los 30 días de haber realizado el cambio del domicilio mediante el servicio ""Sistema Registral"", no se recibe el código de confirmación?"
69,¿El cambio de domicilio está concluido por más que no haya recibido un código de confirmación?
69,¿Puedo volver a informar el cambio de domicilio si aún no recibí el código de confirmación?
69,"¿Qué se debe hacer si pasados los 30 días de haber realizado el cambio del domicilio mediante el servicio ""Sistema Registral"", no se recibe el código de confirmación?"
69,"Para el caso de una persona que realizó el cambio del domicilio mediante el servicio ""Sistema Registral"" y luego de 30 días, ¿Cómo se debe proceder si  no se recibe el código? "
69,"Si una persona llevó a cabo el cambio del domicilio mediante el servicio ""Sistema Registral"" y después de 30 días, ¿Qué se debe hacer si  no se recibe el código de confirmación?"
119,¿Cómo pago vencido el mes de monotributo?
119,¿Cómo se pagan los intereses por el mes vencido?
119,¿Cómo tengo que hacer si se venció mi monotributo y no lo pagué?
127,¿Cómo tengo que hacer para pagar las cargas sociales de los empleados?
127,¿Las cargas sociales de mis empleados se pagan a través de la web de AFIP?
127,¿Qué opciones hay para pagar las cargas sociales de los empleados?
120,¿Cómo tengo que pagar los intereses porque pagué fuera de término el monotributo?
120,¿De dónde saco el valor de los intereses por pago fuera de término?
120,¿Debo pagar intereses por abonar el Monotributo fuera de término?
46,¿Cómo debo hacer si quiero declarar una actividad?
46,¿Cómo tengo que hacer para inscribir mi actividad?
46,¿Desde qué servicio de AFIP ingreso mi actividad económica?
46,¿Qué debo hacer para declarar mis actividades económicas?
46,¿Qué necesito para inscribir mi actividad económica?
46,¿Qué pasos debo seguir para declarar mi actividad económica?
56,¿Cuáles son los pasos para hacer un traspaso de responsable inscripto a monotributista?
56,¿Cuáles son los requisitos a tramitar para cambiar de responsable inscripto a monotributista?
56,¿Debo dar de baja al impuesto a las ganancias si me transfiero de responsable inscripto a monotributista? ¿Cómo?
56,¿Qué debo hacer si quiero pasarme a monotributista siendo responsable inscripto?
56,¿Qué pasos debo seguir para cambiar de Régimen General a Régimen Simplificado?
56,Si soy Responsable Inscripto y deseo cambiarme al Monotributo ¿Cómo tengo que hacer?
63,¿Cómo informo un inicio de relación de dependencia en el Monotributo?
63,¿Debo modificar los datos de mi monotributo si comencé a trabajar en relación de dependencia?
63,¿Un monotributista debe cambiar de situación si ahora es empleado en relación de dependencia?
63,Si comencé a ser empleado en relación de dependencia ¿Debo informarlo en mi Monotributo?
63,Si inicié una relación de dependencia ¿Debe realizar algún trámite mi empleador?
63,"Si tengo un monotributo, debo modificar los datos si quiero iniciar una relación de dependencia?"
64,¿Cómo es el trámite para informar que me jubilé?
64,¿Cómo informo sobre mi jubilación en mi monotributo?
64,¿Cómo una persona debe modificar los datos de monotributo si ahora es jubilado?
64,Para continuar con la actividad y el monotributo habiéndome jubilado ¿cómo puedo hacerlo?
64,Si me jubilo y sigo con mi actividad ¿Debo informarlo en Mi Monotributo?
64,"Si una persona se jubila pero aún continúa con la actividad, ¿Debe cambiar algo en su monotributo?"
65,¿Cómo modifico los datos del monotributo para indicar los aportes en una caja previsional provincial?
65,¿Debo modificar mi monotributo en caso de hacer aportes a una caja previsional de la provincia?
65,¿Influye en mi monotributo si comienzo a aportar a una caja previsional provincial?
65,¿Qué trámites tengo que hacer para informar a mi monotributo los aportes en una caja previsional provincial?
65,"Si empiezo a aportar en una caja previsional provincial, ¿tengo que informarlo en el monotributo?"
65,"Si estoy obligado a aportar en una caja previsional de la provincia, ¿cómo informo mi situación al monotributo?"
84,¿Cómo me entero que fui recategorizado de oficio?
84,¿Cómo me notifica AFIP de una recategorización de oficio?
84,¿Cómo se lleva a cabo la notificación para la recategorización de oficio cuando sea por controles sistémicos?
84,¿De qué manera se notifica la recategorización de oficio cuando sea por controles sistémicos?
84,"En caso de  controles sistémicos, ¿ De qué manera se notifica la recategorización de oficio?"
84,"En caso de  controles sistémicos, ¿Cómo se lleva a cabo la notificación para la recategorización de oficio?"
128,¿Cómo pido el reintegro del componente impositivo?
128,¿Cómo solicito la devolución del componente impositivo?
128,¿En qué casos me reintegran el componente impositivo?
128,¿Qué hago para que reintegren el componente impositivo?
128,¿Qué requisitos debo cumplir para que me reitegren el componente impositivo?
128,¿Qué significa el reintegro del componente impositivo?
128,¿Qué trámite hago para conseguir el componente impositivo?
135,¿Cómo puedo regularizar la deuda de Monotributo de períodos posteriores a julio de 2004?
135,¿Cómo regularizo la deuda del monotributo de los períodos posteriores a julio de 2004?
135,¿Cómo se debe regularizar la deuda de monotributo de períodos posteriores a 07/2004?
135,"Para regularizar deuda de monotributo de 07 del año 2004, ¿cómo procedo?"
135,"Tengo deuda de monotributo de 2005 en adelante, ¿cómo la regularizo?"
135,"Tengo que pagar los periodos de monotributo de 2005 en adelante, ¿cómo hago?"
62,¿Cómo informo un cambio de actividad?
62,¿Debo informar cada vez que cambio de actividad?
62,¿En qué casos considera AFIP que cambié mi actividad?
62,¿Qué trámite debo hacer para cambiar de actividad?
62,"Para cambiar de actividad, ¿qué necesito hacer?"
62,Si cambio mi actividad ¿Tengo que informarle a AFIP?
62,"Si quiero cambiar de actividad, ¿cómo lo informo?"
68,¿Cómo se modifica la dirección?
68,¿Cómo se procede para cambiar la dirección?
68,¿Cómo se puede cambiar el domicilio ?
68,¿De qué manera se modifica el domicilio ?
68,¿Debo presentar algún formulario para notificar un cambio de domicilio?
68,¿El cambio de domicilio se realiza online?
66,¿Cómo puedo hacer para cambiar de obra social?
66,¿Puedo hacer el cambio de obra social de manera online?
66,¿Qué debo hacer para tramitar un cambio de obra social?
66,¿Qué tengo hacer si quiero cambiar de obra social?
66,¿Qué trámite debo hacer si cambio mi obra social?
66,Para cambiar de obra social ¿una persona monotributista puede hacerlo desde la web?
52,"¿Cuál es el trámite de alta que debe realizar un asociado de una Cooperativa de Trabajo?"
52,¿Me puedo dar de alta al monotributo estando asociado a una cooperativa de trabajo?
52,"¿Puedo inscribirme online en caso de ser asociado a Cooperativa de Trabajo?"
52,¿Un asociado a cooperativas de trabajo puede adherirse al monotributo?
52,Si soy asociado de una Cooperativa de Trabajo ¿Cómo me doy de alta en el Monotributo? 
52,"Siendo asociado a cooperativas de trabajo, ¿me puedo inscribir a un monotributo?"
61,¿Cómo sacar a una persona de la obra social?
61,¿Puedo dar de baja a una persona de la Obra Social desde Mi Monotributo?
61,¿Puedo modificar datos de mis adherentes de la Obra Social desde la web de AFIP?
61,¿Qué tengo que hacer para dar de baja a un integrante de la Obra Social?
61,"Para dar de baja a una persona de mi obra social, ¿a dónde debo dirigirme?"
61,"Para sacar alguien de la obra social, ¿qué debo hacer?"
61,"Si quiero dar de baja a una persona de mi obra social, ¿cómo puedo hacerlo?"
70,¿Cómo me recategorizo?
70,¿Cuáles son los pasos  para realizar la recategorización?
70,¿Cuáles son los pasos para recategorizarme? 
70,¿De qué forma se realiza la recategorización?
70,¿De qué manera se lleva a cabo la recategorización?
70,¿De qué manera se realiza la recategorización?
70,¿La recategorización se puede hacer de manera online?
134,"¿Cómo imprimo la credencial de pago?"
134,¿Cómo puedo volver a imprimir la credencial de pago?
134,¿Cómo reimprimo la credencial de pago?
134,"¿Puedo imprimir la credencial de pago desde la web de AFIP?"
134,"Necesito la credencial de pago, ¿Cómo la obtengo?"
134,"Tengo que re-imprimir la credencial de pago, ¿cómo hago?"
2,¿Cómo dejo de ser Monotributista?
2,¿Cómo es el procedimiento para darme de baja del Monotributo?
2,¿Cómo hago para darme de baja?
2,¿Cuáles son los pasos para darme de baja en el monotributo?
2,¿Qué tengo que hacer para darme de baja?
48,¿Cuáles son las posibilidades de aportes jubilatorios que tienen los monotributistas?
48,¿Debo seleccionar una opción para aportes de jubilación? ¿Cuál me corresponde?
48,¿Qué opción para aporte jubilatorio debo ingresar?
48,¿Qué opciones tengo para elegir en cuanto al aporte jubilatorio?
48,¿Todos los monotributistas deben realizar aportes de jubilación?
48,"Cómo monotributista, ¿que opciones tengo para los aportes de jubilación?"
41,¿Cuál es mi domicilio Fiscal?
41,¿Debo tener sí o sí un domicilio fiscal?
41,¿Domicilio fiscal es el lugar donde realizado mi actividad comercial?
41,¿Es lo mismo domicilio fiscal que real?
41,¿Puede ser el domicilio fiscal igual que el domicilio real?
41,¿Qué diferencia hay entre domicilio fiscal y real?
41,¿Qué significa domicilio fiscal?
41,¿Qué sucede con mi domicilio fiscal si no tengo un local fijo donde poner mi comercio?
41,"Si no tengo lugar fijo para mi comercio, ¿puedo poner como domicilio fiscal el domicilio donde vivo?"
27,¿Hay un límite superior para la venta de productos por unidad?
27,¿Hay un precio máximo unitario para venta de productos?
27,¿Hay un tope máximo en el precio por unidad?
27,Cuando se vende ¿existe un precio máximo unitario a tener en cuenta?
27,Si soy monotributista ¿tengo un tope en el precio máximo por unidad de venta?
47,¿Es compatible un condominio con el monotributo?
47,¿Existe un tratamiento especial para los condominios?
47,¿Los condominios pueden inscribirse en el monotributo?
47,¿Los condóminos pueden ser Monotributistas?
47,¿Puede un condominio ser Monotributista?
47,¿Qué documentación deben presentar los condóminos para inscribirse?
47,¿Se pueden adherir individualmente al monotributo cada condómino de un condominio?
33,¿Estoy obligado a pagar IVA siendo Monotributista?
33,¿Pago el IVA si soy monotributista?
33,En caso de ser monotributista ¿tengo que pagar el impuesto al valor agregado?
33,Si ahora soy monotributista ¿comienzo a pagar iva?
33,Si soy Monotributista ¿Puedo tomar el crédito fiscal?
121,¿Cuándo vence el monotributo?
121,¿Qué día vence el monotributo?
121,¿Siempre vence el mismo día el Monotributo?
158,¿Debo pagar una multa si no tengo la documentación respaldatoria?
158,¿Hay alguna sanción por no tener las facturas de respaldo?
158,¿Me pueden sancionar por no guardar las facturas de respaldo de mis operaciones?
158,¿Qué pasa si no tengo el respaldo de las operaciones que hice?
158,¿Qué pasa si no tengo respaldo de las facturas?
158,¿Sancionan por no guardar los comprobantes de las operaciones que realicé?
157,¿Debo pagar una multa si no muestro la documentación en mi local?
157,¿Hay alguna sanción por no exhibir el comprobante en el local?
157,¿Me pueden sancionar por no mostrar el comprobante?
157,¿Podría ser motivo de multa si no tengo a la vista el comprobante?
157,¿Qué pasa si no muestro mi información de Monotributo en mi negocio?
157,¿Sancionan por no exhibir el comprobante?
79,¿Cuáles son las consecuencia de una recategorización errónea?
79,¿Qué pasa si me recategorizo de manera incorrecta?
79,¿Qué penalidad y cómo se continuará  para el caso de una recategorización inexacta?
79,¿Qué tipo de sanción y el procedimiento a realizar en caso que la recategorización efectuada sea inexacta?
79,¿Tengo que pagar una sanción si me recategoricé mal?
79,"Para el caso de recategorización inexacta, ¿Cuáles son las sanciones y  los pasos a seguir?"
51,¿Las sucesiones indivisas deben hacer aportes jubilatorios?
51,¿Las sucesiones indivisas monotributistas deben abonar algo más que el componente impositivo?
51,¿Qué conceptos deben abonar las sucesiones indivisas?
51,¿Qué deben ingresar las sucesiones indivisas monotributistas?
51,"¿Si una sucesión indivisa está adherida al monotributo, qué debe abonar?"
51,"Además del componente impositivo, ¿qué deben ingresar las sucesiones indivisas adheridas al monotributo?"
11,¿Cuánto tengo que pagar de Monotributo?
11,¿Difiere el importe del monotributo de acuerdo a la categoría?
11,¿La cantidad a abonar es conforme a la categoría del monotributo?
11,¿Se paga diferente importe de acuerdo a la categoría de Monotributo?
11,"De acuerdo a mi categoría, ¿cuánto pago?"
126,¿Cuáles son las entidades bancarias habilitadas para el pago del VEP?
126,¿Cuáles son los bancos habilitados para el pago con VEP?
126,¿Dónde encuentro el listado de bancos que cobran el VEP?
126,¿Dónde pago el VEP?
122,¿Con qué puedo pagar el Monotributo?
122,¿Cuáles son los medios disponibles para pagar el monotributo? 
122,¿Desde dónde pago el Monotributo?
60,¿Cuándo se debe sustituir la credencial de pago?
60,¿En qué casos se modifica la credencial de pago?
60,¿La sustitución de la credencial de pago puede estar relacionada con las modificaciones en el CUR?
60,¿Qué datos pueden llevar a tener que sustituir la credencial de pago?
60,"Si cambio de obra social, ¿se necesitará cambiar la credencial de pago?"
60,Si realizo algunos cambios en el Monotributo ¿Cambia también la credencial de pago?
154,¿Cuáles son las excepciones de la emisión de comprobantes electrónicos?
154,¿Es obligatorio que emita el comprobante electrónico con esa operación?
154,¿Hay algún tipo de factura que puede no hacerse electrónicamente?
154,¿Qué operaciones no requieren la emisión de comprobante electrónico?
154,"¿Todos los comprobantes ""C"" deben hacerse electrónicamente?"
153,¿Cuáles son los comprobantes que tengo obligación de emitir electrónicamente?
153,¿Cuáles son los comprobantes que tengo que presentar obligatoriamente de forma electrónica?
153,¿Debo emitir todos mis comprobantes en forma electrónica?
153,¿Qué comprobantes debo emitir si o si de manera electrónica?
153,¿Qué comprobantes hay que emitir electrónicamente?
153,"¿Todos los tipos de comprobantes deben emitirse electrónicamente?"
75,¿Cuáles son los parámetros que influyen en la recategorización?
75,¿Qué cosas debo tener en cuenta al momento de la recategorización?
75,¿Qué parámetros debo tener en cuenta para recategorizarme?
75,¿Qué parámetros se tienen que considerar en la recategorización?
75,¿Qué variables se debe considerar en la recategorización?
75,"En la recategorización, ¿Qué parámetros se tienen que considerar?"
45,¿Cómo es la inscripción en el Monotributo en el caso de un condómino?
45,¿Cómo un condómino puede ser monotributista?
45,¿Es posible que un condómino se inscriba en el monotributo? ¿Cómo?
45,¿Qué pasos se deben seguir para adherir un condómino al monotributo?
45,¿Qué requisitos se necesitan seguir para hacer que un condómino sea monotributista?
45,¿Qué trámite debe realizar un condómino para ser Monotributista?
91,¿Cuáles son los pasos a seguir  para poder inscribirse en el Régimen de Monotributo?
91,¿Cuáles son los requerimientos necesarios para poder inscribirse en el Régimen de Monotributo?
91,¿Debo cumplir con ciertos requisitos para ser Monotributista?
91,¿Qué requisitos debe cumplir una persona para darse de alta en el Monotributo?
91,¿Qué requisitos se deden cumplir para poder inscribirse en el Régimen de Monotributo?
91,¿Qué se necesita para poder inscribirse en el Régimen de Monotributo?
72,¿Cada cuánto tiempo hay que recategorizarse?
72,¿Cuándo me debo recategorizar?
72,¿En qué fecha debo realizar la recategorización?
72,¿En qué momento se puede llevar a cabo la recategorización?
72,¿En qué tiempo se debe realizarse la recategorización?
72,¿En qué tiempo se puede llevar a cabo la recategorización?
72,¿Hay una fecha establecida para recategorizarme?
72,¿Me puedo recategorizar cuando quiero?
118,¿Cuándo pago el primer mes de monotributo?
118,¿Cuándo tengo que pagar la primer cuota del monotributo?
118,¿El mismo mes en que me doy de alta en el Monotributo debo pagarlo?
53,¿Cuándo pago por primera vez al darme de alta el Monotributo?
53,¿Cuánto tiempo me dan para hacer el primer pago al monotributo una vez inscripto?
53,¿Debo pagar el monotributo el día en que me doy de alta?
53,¿El mismo mes en que me inscribo debo pagar?
53,"Una vez iniciadas las actividades del monotributo, ¿hasta cuándo tengo para realizar el primer pago?"
53,"Una vez inscripto, ¿cuándo debo pagar el monotributo por primera vez?"
74,¿Dónde podrá consultar el monotributista si tiene datos inconsistentes ?
74,¿Dónde puedo ver mis inconsistencias en el Monotributo?
74,¿Dónde se podrá consultar el monotributista si tiene datos erróneos?
74,¿En qué sitio podrá consultar el monotributista si tiene  datos inconsistentes?
74,¿En qué sitio podrá consultar el monotributista si tiene inconsistencias?
85,¿Dónde veo los motivos por los cuales se me recategorizó de oficio?
85,¿En qué lugar se podrán consultar los motivos de la recategorización de oficio por controles sistémicos y la liquidación de los montos correspondientes a la nueva categoría?
85,¿En qué sitio se puede buscar sobre los motivos de la recategorización de oficio por controles sistémicos y la liquidación de los montos correspondientes a la nueva categoría?
85,¿Está disponible un sitio donde se pueda buscar sobre los motivos de la recategorización de oficio por controles sistémicos y la liquidación de los montos correspondientes a la nueva categoría?
85,¿Existe un lugar donde se pueda consultar las razones de la recategorización de oficio por controles sistémicos y la liquidación de los montos correspondientes a la nueva categoría?
85,¿Tengo acceso a las causales de la recategorización de oficio?
109,¿Debo presentar la declaración jurada del impuesto a ganancias?
109,¿En qué casos siendo monotributista debo presentar la declaración jurada del impuesto a las ganancias?
109,¿Un monotributista debe pagar Impuesto a las Ganancias?
78,¿Cuándo estoy obligado a recategorizarme?
78,¿En qué casos los monotributistas no están obligados a realizar la recategorización?
78,¿En qué casos los monotributistas se encuentran exceptuados de recategorizarse?
78,¿En qué situaciones los monotributistas no deben recategorizarse?
71,¿Es obligatoria la recategorización?
78,¿Qué deben cumplir los monotributistas para no efectuar la recategorización?
78,¿Todos los monotributistas deben recategorizarse?
18,¿Cuándo tengo que tener en cuenta el parámetro de la electricidad?
18,¿El parámetro de la energía eléctrica se considera en la categorización de todas las actividades?
18,"¿En qué caso no debo considerar declarar la ""energía eléctrica?"
18,¿Qué actividades no consideran el parámetro de la energía electrica?
18,¿Siempre se tienen en cuenta todos los parámetros del Monotributo?
19,¿Cuándo hay que tener en cuenta la superficie afectada?
19,"¿En qué caso no se considera la ""superficie afectada""?"
19,¿es obligatorio tener en cuenta el parámetro de superficie afectada?
18,¿Siempre se tienen en cuenta todos los parámetros del Monotributo?
19,El parámetro de superficie afectada ¿se tiene en cuenta en todas las actividades?
82,¿Cuándo me puede recategorizar AFIP?
82,¿En qué casos se continuará con la recategorización de oficio?
82,¿Qué debe suceder para continuar a la recategorización de oficio?
82,¿Qué se debe cumplir para continuar con la recategorización de oficio?
82,¿Qué se debe cumplir para proceder a la recategorización de oficio?
82,¿Recategorización de oficio significa que AFIP me recategoriza?
82,Si hice mal mi recategorización ¿Puede AFIP volver a recategorizarme?
7,¿Es posible inscribirse al monotributo otra vez si me eliminaron por falta de pago?
7,¿Me puedo adherir de nuevo al haberme dado de baja por falta de pago?
7,¿Puedo volver a darme de alta en el Monotributo si me dieron la baja por falta de pago?
7,"Si me dieron de baja automáticamente, ¿me puedo dar de alta otra vez?"
7,Si me dieron de baja por falta de pago ¿Cómo me doy de alta nuevamente?
14,¿Cómo puedo saber qué categoría me corresponde cuando me inscribo en el Monotributo?
14,¿Cómo sé a qué categoría de monotributo corresponde mi actividad?
14,¿En qué categoría me debo inscribir cuando inicio una actividad?
14,Al iniciar una actividad ¿qué tengo que tener en cuenta para determinar la categoría?
14,"Cuando me inscriba al monotributo, ¿en base a qué elijo la categoría?"
36,¿A qué lugar debo concurrir para solicitar el CUIT?
36,¿Dónde debo solitar la CUIT?
36,¿En qué lugar debo tramitar mi CUIT?
36,"Para solicitar el CUIT personalmente, ¿a dónde tengo que ir?"
36,"Si envío un tercero, ¿a dónde debe ir para obtener mi CUIT?"
36,"Si quiero obtener el CUIT, ¿a dónde debo dirigirme?"
36,Si quiero solicitar el CUIT de manera personal ¿Dónde debo hacerlo?
1,¿Con qué motivos me pueden dejar fuera del Monotributo?
1,¿Cuáles son las causales de exclusión del Monotributo?
1,¿Cuándo puedo llegar a quedar excluido?
1,¿Puedo quedar excluido del Monotributo?¿Porqué?
1,¿Puedo quedar fuera del Monotributo?
35,¿La solicitud del CUIT es un trámite personal?
35,¿Para obtener el cuit es necesario que vaya yo o puede enviar a alguien?
35,¿Para sacar el CUIT puede ir alguien más a sacármelo?
35,¿Puede ir otra persona a sacarme el CUIT?
35,¿Puede un tercero generar mi CUIT?
35,¿Puedo delegar el trámite de solicitud de CUIT?
35,¿Tengo que ir yo necesariamente a hacer el trámite para obtener el CUIT? ¿No puede ir otra persona en mi nombre?
35,Para generar el CUIT ¿Puede hacerlo otra persona en mi nombre?
10,¿Es posible darme de baja con una fecha anterior?
10,¿Existe la posibilidad de darme de baja del Monotributo con fecha de varios meses atrás?
10,¿Hasta qué fecha anterior puedo darme de baja?
10,¿Puedo darme de baja con retroactividad?
10,¿Se puede tramitar una baja con una fecha anterior?
149,¿Debo registrar todas mis operaciones?
149,¿Dónde informo el registo de todos mis comprobantes?
149,¿Dónde informo todos los comprobantes que emito?
149,¿Es optativo llevar un control de las opraciones que realizo?
149,¿Mis operaciones deben estar registradas de alguna manera?
149,¿Tengo que llevar cuenta de todos las facturas que emito o recibo?
23,¿Cuántos empleados puedo tener?
23,¿Debo tener cierta cantidad de empleados de acuerdo a la categoría de monotributista que soy?
23,¿Existe un límite en la cantidad de empleados según la categoría?
23,¿Hay un límite de empleados que puedo tener siendo Monotributista?
23,¿Qué cantidad de empleados puedo tener?
38,¿Es permitido que una sociedad se inscriba en el monotributo?
38,¿Pueden adherirse al Monotributo las SA?
38,¿Pueden adherirse al Monotributo las SRL?
38,¿Puedo inscribir mi SRL al monotributo?
38,"¿Si una sociedad con fines de lucro quiere sumarse al monotributo, puede?"
38,"Si tengo una SA, ¿la puedo inscribir en el monotributo?"
38,"Una sociedad, con o sin fines de lucro ¿Puede inscribirse en el monotributo?"
117,¿Con qué formulario tengo que pagar en efectivo?
117,¿Cuál es el formulario para el pago en efectivo?
116,¿Puedo pagar en efectivo? 
150,¿Cuánto tiempo debo conservar los comprobantes y documentos?
150,¿Cuánto tiempo debo conservar los papeles de operaciones relacionadas a mi actividad?
150,"¿Cuántos años debo mantener los comprobantes, documentos y facturas?"
150,¿Es obligatorio conservar mis comprobantes?
150,¿Por cuánto tiempo tengo que guardar mis facturas?
150,¿Tengo que guardar los comprobantes que emito?
92,¿Cuáles actividades se encuentran excluidas del monotributo?
92,¿Cuáles son las actividades que no puedo realizar si quiero ser Monotributista?
92,¿Existen  actividades que no están contempladas del monotributo?
92,¿Puedo realizar cualquier actividad siendo Monotributista?
92,¿Qué actividades se encuentran exceptuadas del monotributo?
92,¿Qué ocupaciones se encuentran exceptuadas del monotributo?
145,¿Debo otorgar algún comprobante particular?
145,¿Es lo mismo emitir cualquier tipo de comprobante?
145,¿Qué clase de comprobante emito?
145,¿Qué letras de comprobantes puede hacer un Monotributista?
145,¿Qué tipo de comprobante tengo que dar?
145,¿Qué tipos de comprobantes puedo hacer?
145,¿Tengo que dar algún comprobante específico?
148,¿El código de barras es para todos los tipos de comprobantes?
148,¿Los comprobantes de qué tipo contienen código de barra?
148,¿Qué letra tienen los comprobantes que incluyen código de barra?
148,¿Qué tipo de factura lleva el código de barra?
148,¿Todos los comprobantes deben tener código de barras?
12,¿Para qué se paga el monotributo?
12,¿Qué contempla el pago del monotributo?
12,¿Qué estoy pagando cuando abono el monotributo?
12,¿Qué se paga en el Monotributo?
12,¿Qué significa pagar el Monotributo?
131,¿Me podrían informar cuáles son los conceptos que deberán abonar los asociados a cooperativas?
131,¿Pago el impuesto integrado siendo socio de una cooperativa de trabajo?
131,¿Qué debo abonar si soy socio de una cooperativa de trabajo?
131,"Los socios de cooperativas de trabajo, ¿qué deben abonar?"
131,"Los socios de cooperativas, ¿qué tienen que pagar?"
131,Si soy asociado de una Cooperativa de Trabajo ¿Qué conceptos abono? 
116,¿En qué casos puedo pagar en efectivo?
116,¿Estoy exceptuado de cumplir con las obligaciones de modo electrónico?
116,¿Puedo pagar en efectivo? 
37,¿Debo realizar algún trámite previo a la solicitud de CUIT de manera personal?
37,¿Es necesario concurrir con el DNI para la solicitud de CUIT de forma presencial?
37,¿Necesito llevar documentación personal para sacar mi CUIT?
37,¿Qué debo realizar para solicitar el CUIT en forma presencial?
37,¿Qué necesito presentar para obtener mi CUIT?
37,"Para ir a tramitar mi CUIT, ¿qué debo llevar?"
37,"Para obtener el CUIT, ¿debo presentar algo?"
144,¿Cómo me puede identificar un cliente que soy Monotributista?
144,¿Debo exhibir alguna documentación en mi local? 
144,¿Qué comprobante debo tener a la vista en mi local?
144,¿Qué documentos avalan mi condición de monotributista?
144,¿Qué formulario debo exhibir en mi local?
144,Si soy Monotributista ¿Debo mostrarlo en mi negocio?
138,¿Qué consecuencias habrá si hay deudas en el sistema?
138,¿Qué deudas figuran en el sitio web de AFIP?
138,¿Qué efectos tienen las deudas de la AFIP?
138,¿Qué sucede si tengo deudas?
138,"Si tengo deudas, ¿Las puedo ver reflejadas en la página de AFIP?"
138,"Tengo deudas, ¿qué efecto va a producir?"
55,¿Dónde puedo obtener el CUR?
55,¿El CUR es igual para todos los Monotributistas?
55,¿Para qué sirve el CUR?
55,¿Qué es el código CUR?
55,¿Qué significa código único de revista?
55,¿Se puede cambiar el código CUR?
55,¿Un código CUR cuántos dígitos debe tener?
71,¿A qué se refiere el concepto de  recategorización?
71,¿Cómo se define la recategorización?
71,¿Cuál es la definición de  recategorización?
71,¿Es obligatoria la recategorización?
71,¿Qué siginifica recategorizarme?
71,¿Siempre debo recategorizarme?
147,¿Cuál es la denominación del comprobante de exportación?
147,¿Las facturas de exportación son diferentes?
147,¿Qué letra llevan los comprobantes de exportación?
147,¿Qué tipo llevan las facturas de exportación?
147,"Las facturas de exportación, ¿llevan una letra específica?"
147,Los comprobantes de exportación ¿Tienen alguna letra específica?
151,¿Cuál es la denominación del remito?
151,¿Los remitos son iguales a los otros tipos de comprobantes?
151,¿Los remitos tienen alguna letra particular?
151,¿Qué letra tienen los remitos?
151,¿Qué tipo llevan los remitos?
151,"Los remitos, ¿llevan una letra específica?"
142,¿Con qué medio puedo emitir las facturas?
142,¿Cuáles son las opciones para facturar?
142,¿Es obligatorio un tipo de factura específico?
142,¿Qué métodos de facturación son válidos?
142,¿Qué tipo de factura puedo realizar?
142,¿Qué tipos de facturación hay?
139,¿Me podrías decir qué operaciones posee el servicio CCMA?
139,¿Qué información obtengo del servicio CCMA?
139,"¿Qué operaciones puedo realizar desde el servicio CCMA?"
139,¿Qué puedo hacer desde el servicio CCMA?
139,"El servicio CCMA, ¿Qué operaciones posee?"
139,No tengo en claro qué puedo hacer en el servicio CCMA.
83,¿Qué información tiene en cuenta AFIP al momento de recategorizarme de oficio?
83,¿Qué normativas se tendrán en cuenta para determinar la recategorización de oficio?
83,¿Qué parámetros tiene en cuenta AFIP para recategorizarme?
83,¿Qué variables se aplicarán para determinar la recategorización de oficio?
83,¿Qué variables se tendrán en cuenta para  la recategorización de oficio?
83,"Para determinar la recategorización de oficio, ¿Qué parámetros se aplicarán?"
88,¿Cuáles son contemplaciones en caso de una recategorización por fiscalización presencial?
88,¿De qué se trata una recategorización por fiscalización presencial?
88,¿Qué consideraciones se realizan ante una recategorización por fiscalización presencial?
88,¿Qué se deberá tener en cuenta ante una recategorización por fiscalización presencial?
88,¿Qué se tiene en cuenta para una recategorización por fiscalización presencial?
88,"En caso de una recategorización por fiscalización presencial, ¿Qué se deberá considerar?"
15,¿Cuáles son mis ingresos brutos?
15,¿Qué comprenden los ingresos brutos?
15,¿Qué considera el monotributo como ingreso bruto?
15,¿Qué son los ingresos brutos para los monotributistas?
15,¿Qué son los ingresos brutos?
30,¿Es lo mismo unidad de explotación que actividad económica?
30,¿Qué diferencia hay entre unidad de explotación y actividad económica?
30,¿Qué es una actividad económica?
30,¿Se computan de la misma forma tanto las unidades como las actividades económicas?
30,¿Se debe contabilizar de la misma forma las unidades económicas y las actividades económicas?
159,¿Debo pagar una multa si no emití la documentación respaldatoria de mis operaciones?
158,¿Hay alguna sanción por no tener las facturas de respaldo?
158,¿Me pueden sancionar por no guardar las facturas de respaldo de mis operaciones?
159,¿Qué pasa si mis operaciones no tienen su respectivo comprobante?
158,¿Qué pasa si no tengo el respaldo de las operaciones que hice?
158,¿Sancionan por no guardar los comprobantes de las operaciones que realicé?
152,¿Estoy obligado a proveer facturas electrónicamente?
152,¿Hay monotribustistas que no están obligados a emitir facturas electrónicas?
152,¿No tengo obligación de hacer la factura electrónica?
152,¿Quienes pueden abstenerse de emitir comprobantes de forma electrónica?
152,¿Quienes pueden no emitir comprobantes electrónicos?
152,¿Quiénes son los sujetos exceptuados de hacer facturas?
152,¿Todos los monotributistas deben hacer comprobantes?
156,¿Qué clase de factura emito estando en el régimen de efector social?
156,"¿Qué tipo de comprobantes pueden hacer los Monotributistas del tipo ""efector social""?"
156,¿Son diferentes las facturas hechas por efectores sociales?
156,El monotributista social ¿Realiza una factura diferente?
156,"Me encuentro inscripto como monotributista bajo la condición efector social, ¿Qué tipo de factura debo confeccionar?"
156,"Si estoy inscrito como efector social, ¿Qué clase de factura emito?"
58,¿Puedo darme alta como empleador en la parte de monotributo?
58,¿Puedo obtener algunos comprobantes electrónicos en la parte de monotributo?
58,¿Qué cosas puedo hacer en el portal Monotributo?
58,¿Qué documentación puedo obtener en el servicio de Monotributo?
58,¿Qué otros trámites puedo realizar en la parte de monotributo además de darle el alta?
58,"¿Qué trámites puedo hacer en ""Mi Monotributo""?"
90,¿Qué  caratacterísticas se debe tener  para ser monotributistas?
90,¿Qué  ciudadanos pueden ser monotributistas?
90,¿Qué  cualidades se debe tener  para ser monotributistas?
90,¿Qué personas pueden ser monotributistas?
90,"¿Sólo las personas humanas se pueden inscribir en el Monotributo?"
90,¿Todas las personas pueden ser Monotributistas?
44,¿En qué casos no es obligatorio constituir domicilio fiscal electrónico?
44,¿Es obligatorio para todo monotributista estar inscripto en el domicilio fiscal electrónico?
44,¿Existe algún tipo de monotributo que no tenga que estar adherido al domicilio fiscal electrónico?
44,¿Quienes no necesitan constituir el domicilio fiscal electrónico?
44,¿Todo monotributista debe inscribirse en el domicilio fiscal electrónico?
44,"Si soy monotributista, ¿sí o sí debo inscribirme al domicilio fiscal electrónico?"
13,¿Cuáles son los conceptos exceptuados de pagar en el Monotributo?
13,¿En qué casos no debo pagar todos los conceptos del Monotributo?
13,¿Estoy exceptuado de pagar todos los conceptos del monotributo?
13,¿Qué conceptos del Monotributo son obligatorios?
13,"Soy profesional, ¿tengo que pagar la parte previsional del Monotributo?"
143,¿Estoy obligado a emitir comprobante manual?
143,¿La factura manual es optativa?
143,¿Puedo hacer facturas electrónicas?
143,¿Tengo que hacer facturación manual o electrónica?
143,¿Todos los Monotributistas están obligados a hacer factura electrónica?
143,"La emisión del comprobante manual, ¿es opcional?"
89,¿Existe el recurso de apelación para aplicar en una exclusión o recategorización de oficio?
89,¿Existe un recurso para presentar contra las resoluciones de exclusión o recategorización de oficio resultado de una fiscalización?
89,¿Habrá algún recurso para presentar contra las resoluciones de exclusión o recategorización de oficio resultado de una fiscalización?
89,"En caso  de resoluciones de exclusión o recategorización de oficio resultado de una fiscalización, ¿ Se puede interponer un recurso en su contra?"
89,Para el caso de  resoluciones de exclusión o recategorización de oficio resultado de una fiscalización ¿Existe un recurso contra estas resoluciones?
97,¿Está permitido a una persona que realiza una actividad por única vez adherirse al Monotributo? ¿Cuál es el tiempo mínimo de permanencia que se debe cumplir antes de realizar la baja del mismo?
97,"¿Las actividades por las que me inscriba en el Monotributo debo realizarlas frecuentemente?"
97,¿Puedo ser Monotributista por un mes?
97,En caso de realizar una actividad por única vez ¿Debo inscribirme en el Monotributo?
97,"En el caso de una persona que realiza una actividad por única vez, ¿Se puede adherir al Monotributo? ¿Cuánto tiempo mínimo de permanencia se debe cumplir antes de realizar la baja del mismo?"
97,"En el caso de una persona que realiza una actividad temporaria, ¿Es posible que se pueda adherirse al Monotributo? ¿Qué tiempo mínimo de permanencia se debe cumplir antes de realizar la baja del mismo?"
97,"Si se tiene el caso de una persona que realiza una actividad temporaria, ¿Está permitido que se pueda adherirse al Monotributo? ¿Cuánto tiempo mínimo de permanencia se debe cumplir antes de realizar la baja del mismo?"
96,¿Es posible  ser empleador siendo monotributista?
96,"¿Hay alguna limitación respecto de ser Monotributista y a su vez, tener empleados a cargo?"
96,¿Puede un empleador ser monotributista?
96,¿Se puede dar el caso de ser  empleador siendo monotributista?
96,"¿Tanto empleados como empleadores pueden ser Monotributistas?"
96,"Si soy Monotributista ¿Puedo ser solamente empleado o también empleador?"
105,¿Me puedo adherir al monotributo si sólo recibo ingresos por derechos de autor?
105,"Mi ingresos son derechos de autor, ¿puedo ser monotributista?"
105,Mis ingresos son solamente por cobro de derecho de autor ¿Debo inscribirme en el Monotributo?
94,¿Es posible realizar exportaciones siendo monotributista?
94,"¿Hay alguna limitación respecto de exportar, siendo Monotributista?"
94,¿Puede  un monotributista  llevar a cabo exportaciones ?
94,¿Puedo exportar y ser Monotributista?
93,¿Qué ocurre con el comercio exterior y el Monotributo?
94,¿Se pueden llevar a cabo exportaciones siendo monotributista?
59,¿Puede una persona adherirse al monotributo si su ingreso depende del alquiler de inmuebles fuera de Argentina?
59,¿Puedo ser Monotributista si obtengo ingresos por locación de inmuebles en el exterior?
59,Los monotributistas adheridos por locación de inmuebles ¿Deben serlo por inmuebles situados en Argentina solamente?
59,"Si una persona tiene como ingreso el alquiler de inmuebles en el exterior, ¿puede inscribirse en el monotributo?"
59,"Si vivo en Argentina pero tengo como ingreso el alquiler de una propiedad en el exterior, ¿puedo inscribirme en el monotributo?"
59,"Un propietario de inmuebles en el exterior cuyo ingreso depende del alquiler de los mismos, ¿puede ser monotributista?"
24,¿Hay que tener en cuenta los servicios como la luz y el gas para computar los alquileres devengados?
24,¿Qué debo tener en cuenta para determinar los alquileres devengados?
24,"¿Se consideran los gastos por servicio (como luz, gas, etc) para establecer los alquileres devengados?"
24,¿Tengo que tener en cuenta la luz y el gas para determinar los alquileres devengados?
24,"Para calcular los alquileres devengados ¿Hay que tener en cuenta gastos como luz, gas o teléfono?"
31,¿Se computan las cargas de familia si dejo de ser responsable inscripto y ahora soy monotributista?
31,¿Son computables las cargas de familias al pasar a ser monotributista?
31,Al pasar de responsable inscripto a monotributista ¿qué sucede con las cargas familiares?
31,Si antes era responsable inscripto y ahora soy monotributista ¿debo calcular las cargas de familias?
31,Si paso de Responsable Inscripto a Monotributista ¿Puedo computar las cargas de familias?
146,¿Cómo facturo si no tengo controlador fiscal?
146,¿Existe algún respaldo para cuando el controlador fiscal falla?
146,¿Qué comprobante doy  si el controlador fiscal no funciona?
146,"Ante un problema con el controlador fiscal, ¿Cómo emito el comprobante?"
146,"Sin controlador fiscal, ¿cómo doy comprobante?"
146,"Tengo problemas con el controlador fiscal, ¿cómo facturo?"
155,¿Qué clase de factura emito estando en el régimen de inclusión social?
155,¿Qué tipo de comprobantes pueden hacer los Monotributistas del régimen de inclusión social y promoción del trabajo independiente?
155,¿Son diferentes las facturas hechas por los adheridos al régimen de inclusión social y promoción del trabajo independiente?
155,"Me encuentro adherido al régimen de inclusión social y promoción del trabajo independiente, ¿Qué tipo de factura debo confeccionar?"
155,"Si estoy inscrito en el régimen de inclusión social y promoción del trabajo independiente, ¿Qué clase de factura emito?"
20,¿Cómo sé cuál es mi actividad principal?
20,¿En qué me baso para saber cuál es mi actividad principal?
20,¿Hay que establecer una actividad principal si se realizan varias?
20,Si realizo más de una actividad ¿Se consideran todas por igual?
20,Si realizo varias actividades ¿debo declarar cuál es la principal?
103,¿Los miembros de una Cooperativa de Trabajo pueden inscribirse en el Monotributo?
103,¿Puedo ser monotributista si soy socio de cooperativa?
103,"Estoy asociado a una cooperativa, ¿puedo inscribirme en el monotributo?"
125,¿Me cobran intereses si pago fuera de término?
125,"¿Si me atraso en el pago, me cobrarán intereses?"
125,"¿Si pago fuera de término, debo abonar intereses?"
102,¿Está permitido ser Monotributista si soy dueño de una industria?
102,¿Me puedo aherir al monotributo si tengo una industria?
102,"Abrí una industria, ¿puedo ser monotributista?"
102,"Soy propietario de una industria, ¿ puedo ser monotributista?"
102,"Tengo una industria, ¿me puedo adherir al monotributo?"
104,¿Existe alguna limitación para ser Monotributista si soy síndico de una sociedad?
104,¿Los síndicos de sociedades pueden inscribirse en el Monotributo?
104,¿Puedo inscribirme en el monotributo siendo síndico de una sociedad?
106,¿Las parcelas deben estar todas juntas para considerarse una sola unidad de explotación?
106,¿Más de 3 unidades de explotación quedan excluídas del monotributo?
106,En el caso de las parcelas ¿Cada una de ellas equivale a una unidad de explotación?
26,¿Debo cambiar de categoría si brindo servicios pero de vez en cuando vendo algún objeto?
26,¿Estar inscripto en servicios permite al menos una vez vende un bien mueble?
26,"Si estoy inscripta por brindar servicios, pero por única vez vendo un objeto  ¿Debo inscribirme en venta de cosas muebles?"
26,Si fabrico y vendo un objeto por única vez ¿Debo categorizarme por esa actividad?
26,"Si no fabrico en serie, ¿debo categorizarme como venta de cosa mueble?"
4,¿Cuánto tiempo tiene que pasar para poderme inscribir de nuevo al monotributo porque afip me excluyó?
4,¿Cuánto tiempo tiene que trancurrir desde que quedé excluido del Monotributo hasta que pueda volver a adherirme?
4,"En caso de quedar excluido del Monotributo, ¿Cuándo puedo volver a serlo?"
4,Si AFIP me excluye del Monotributo ¿Cuándo puedo volver a darme de alta?
4,"Si me excluyeron del monotributo, ¿qué tiempo debo esperar para darme de alta otra vez?"
34,¿Cómo influye la adición de una nueva actividad al Monotributo cuando a su vez pago anticipo por Ganancias por otra actividad?
34,¿De qué manera interviene sumar una actividad en el monotributo al pago de anticipos del impuesto a las ganancias de otra actividad?
34,¿Qué sucede si agrego una actividad al monotributo con respecto al impuesto a las ganancias que pago por otras actividades. Influye además si pago aniticipo por ganancias?
34,"Si agrego una actividad nueva al monotributo, ¿se verán modificados los anticipos por ganancias que pago por otra actividad? ¿De qué forma?"
34,Si realizo actividades para las que debo pagar Impuesto a las Ganancias y para otras Monotributo ¿Qué pasa cuando adiciono otra actividad al Monotributo?
93,"¿Hay alguna limitación respecto de importar, siendo Monotributista?"
93,¿Puedo importar y ser Monotributista?
93,¿Qué ocurre con el comercio exterior y el Monotributo?
93,¿Se puede adherir al Monotributo cuando se realizan importaciones?
93,"En caso de importaciones, ¿se puede darse de alta al Monotributo?"
93,"En caso de importaciones, ¿se puede incorporarse al Monotributo?"
130,¿En qué momento finaliza la obligación de pago del monotributo si ya inicié la baja?
130,"Pedí la baja en el monotributo, ¿a partir de que período cesa la obligación de pago?"
130,Si dejo de ser monotributista ¿Cuándo debo dejar de pagar?
130,Si solicito la baja del monotributo ¿Cuándo cesa la obligación de pago?
130,"Una vez que pedí la baja, ¿cuándo debo dejar de pagar?"
130,"Ya he solicitado la baja, ¿cuándo finaliza la obligación de pago?"
57,¿Qué sucederá con mi saldo a favor cuando deje de ser responsable inscripto y pase a ser monotributista?
57,¿Se me puede devolver el saldo a favor de retenciones que tenía siendo responsable inscripto y ahora monotributista?
57,¿Se pierde el saldo a favor que tengo como responsable inscripto una vez me cambie al monotributo?
57,Si me pasé de Responsable Inscripto a Monotributista ¿Qué hago con el saldo a favor que tenía?
57,"Si siendo responsable inscripto tenía un saldo a favor en el impuesto a las ganancias, ¿qué sucederá con el mismo cuando me traspase al monotributo?"
57,"Si un responsable inscripto con saldo a favor se cambia al monotributo, ¿qué sucede con ese saldo?"
80,¿Qué debo poner en los campos a completar por parámetros que no debo tener en cuenta en mi Monotributo?
80,"¿Cómo se deben completar los campos correspondientes al momento de realizar la adhesión o recategorización al Monotributo, si por el tipo de actividad no se deben considerar determinados parámetros tales como: ingresos brutos, superficie afectada, energía eléctrica, monto de alquileres o precio unitario?"
80,"¿De qué manera se deben completar los campos correspondientes al momento de llevar a cabo la adhesión o recategorización al Monotributo, para el caso de actividades que no se deben considerar determinados parámetros tales como: ingresos brutos, superficie afectada, energía eléctrica, monto de alquileres o precio unitario?"
80,"Si un tipo de actividades no tiene en cuenta parámetros tales como: ingresos brutos, superficie afectada, energía eléctrica, monto de alquileres o precio unitario, ¿Cómo se dejan los campos correspondientes al momento de realizar la adhesión o recategorización al Monotributo?"
80,"¿Cómo se rellenan los campos correspondientes al momento de realizar la adhesión o recategorización al Monotributo, si por el tipo de actividad no se les corresponde determinados parámetros tales como: ingresos brutos, superficie afectada, energía eléctrica, monto de alquileres o precio unitario?"
5,En caso de renunciar ¿puedo optar de nuevo por el monotributo? ¿cuánto tengo que esperar?
5,Si cambié de regimen y dejé de ser monotributista ¿cuánto tiempo tiene que pasar para que pueda volver a serlo?
5,Si era Monotributista y luego me pasé a Responsable Incripto ¿Cuándo puedo volver a ser Monotributista?
5,Si renuncié al monotributo y ahora soy responsable inscripto ¿cuánto tengo que esperar para ser monotributista de nuevo?
5,Si renuncio al Monotributo para optar por otro régimen ¿Puedo volver al monotributo?
101,¿Se puede elegir por el monotributo en la caso de venta de autos usados a nombre propio por cuenta de terceros?
101,¿Se puede optar por el monotributo en el caso de venta de automóviles  usados a nombre propio por cuenta de terceros?
101,"Para el caso de venta de autos usados a nombre propio por cuenta de terceros, ¿Se podrá optar por el Monotributo?"
101,"Si se tiene una venta de automóviles  usados a nombre propio por cuenta de terceros, ¿ Es el Monotributo una opción válida?"
101,Vendo autos usados ¿Puedo ser Monotributista?
54,¿Cómo puedo ver mi credencial de pago?
54,¿De dónde puedo sacar la credencial de pago?
54,¿Puedo descargar la credencial de pago? ¿Qué necesito?
54,¿puedo obtener mi credencial de pago con una clave fiscal de cualquier nivel?
54,¿Qué necesito para ver mi credencial de pago?
54,"Si quiero imprimir credencial de pago, ¿qué debo hacer?"
43,¿Cómo puedo inscribirme de manera online al monotributo?
43,¿Cuál es el paso a paso para adherirme al Monotributo?
43,¿Cuál es el trámite para inscribirme en el Monotributo?
43,"¿Para ser monostributista, debo hacer una inscripción online?"
43,¿Por dónde debo comenzar para ser Monotributista?
43,¿Qué debo hacer para realizar la inscripción al monotributo?
43,¿Qué debo hacer para ser monotributista?
43,¿Qué debo realizar para adherirme al Monotributo?
43,¿Qué pasos debo seguir para adherirme al Monotributo?
43,"Quiero inscribirme en el Monotributo, cumplo con todos los requisitos ¿Cómo debo hacer?"
95,¿Es posible para un monotributista adherido por una actividad realizar otra actividad  bajo la condición de IVA Exento?
95,¿Hay alguna limitación para que un sujeto IVA exento se inscriba en el Monotributo por una actividad diferente?
95,¿Puede un sujeto adherido al Monotributo por una actividad llevar a cabo otra actividad bajo la condición de IVA Exento?
95,¿Un sujeto IVA exento puede ser Monotributista?
95,Un  monotributista inscripto por una actividad ¿puede realizar otra actividad bajo la condición de IVA Exento?
95,Una persona adherida al Monotributo por una actividad ¿puede realizar otra actividad bajo la condición de IVA Exento?
129,¿Es obligatorio el pago de ambos componente previsionales?
129,¿Es posible pagar sólo jubilación y no obra social?
129,¿Puedo pagar sólo obra social y no pagar la jubilación?
129,¿Se puede abonar la obra social y excluir el pago de la jubilación?
129,¿Se puede abonar un componente excluyendo los demás?
129,¿Se puede elegir qué componentes pagar el monotributo?
141,¿Cómo visualizo los beneficios previsionales en el sistema?
141,¿Puedo ver los beneficios previsionales en el servicio CCMA?
141,"He aplicado a los beneficios previsionales de la Ley 25.321, ¿figuran en el servicio CCMA?"
141,"Necesito ver los beneficios previsionales en el CCMA, ¿Qué hago?"
132,¿Hay algún límite para las cooperativas de trabajo inscriptas en el Registro Nacional de Efectores de Desarrollo Local y Economía Social?
132,¿Hay algún tratamiento particular si la cooperativa fue inscrita en el registro?
132,¿Qué sucede con el pago cuando mi cooperativa de trabajo está inscripta en el Registro Nacional de Efectores de Desarrollo Local y Economía Social?
132,"Una vez que se anota  la cooperativa en el registro nacional de efectores, ¿tendrá algún tratamiento especial?"
132,"Ya se inscribió la cooperativa en el registro, ¿existe algún tratamiento particular?"
81,"¿Se considera recategorización, si se modifica la condición de Monotributo a Monotributo Régimen de inclusión social y promoción del trabajo independiente o viceversa?"
81,"En el caso de cambio de la condición de Monotributo a Monotributo Régimen de inclusión social y promoción del trabajo independiente o viceversa, ¿Se considera recategorización?"
81,"Para el caso de modificación de la condición de Monotributo a Monotributo Régimen de inclusión social y promoción del trabajo independiente o viceversa, ¿Es una recategorización?"
81,Pasar de Monotributo a Monotributo del Régimen de Inclusión social y promoción del trabajo independiente ¿Es recategorizarse?
81,"Si se tiene el caso de cambio de la condición de Monotributo a Monotributo Régimen de inclusión social y promoción del trabajo independiente o viceversa, ¿Se tiene recategorización?"
76,¿Cómo me recategorizo si aún no transcurrieron 12 meses desde mi inscripción? 
76,"¿Cómo se debe de realizar el cálculo a los efectos de la recategorización, en el caso que no transcurrieron 12 meses desde el inicio de una actividad?"
76,"¿De qué forma se lleva a  cabo el cálculo a los efectos de la recategorización, en el caso que no se supere el año de antiguedad realizando una actividad?"
76,"Para el caso de una persona que realiza una actividad y todavía no supera el año, ¿De qué forma se realiza el cálculo a los efectos de la recategorización?"
76,"Si desde el inicio de una actividad no han pasados los doce meses, ¿Cómo se lleva a cabo el cálculo a los efectos de la recategorización?"
76,"Si se desarrolla una  actividad y no sean transcurrieron 12 meses, ¿De qué manera se realiza el cálculo a los efectos de la recategorización?"
49,"¿Debo poner un ""cero"" en los parámetros cuando por mi actividad no debo tenerlos en cuenta?"
49,¿Qué debo escribir en los espacios destinados a los parámetros si por mi actividad no estoy a ingresarlos?
49,¿Qué es lo que debo ingresar cuando no estoy obligado a contestar?
49,En caso que por mi actividad no esté obligado a considerar los parámetros ¿Cómo debo completar estos campos?
49,"En los campos en los que no es necesario contestar, ¿debo poner algo?"
49,"Si no necesito poner ingresos brutos, ¿qué debo poner en su lugar?"
0,"¿Puedo dar de baja mi monotributo y transcurrido un período de tiempo, darme de alta nuevamente?"
0,¿Puedo darme de baje por el tiempo en que no realice la actividad luego darme de alta cuando la retome?
0,¿Puedo suspender mi inscripción hasta que retome mi actividad?
0,¿Se puede interrumpir la inscripción del monotributo hasta que vuelva a ejercer mi actividad?
0,"Si dejo de trabajar por un tiempo, ¿puedo darme de baja y luego volver a darme de alta?"
21,¿Cómo se consideran los parámetros físicos si mi actividad la realizo en el mismo lugar que vivo?
21,¿Cómo son los parámetros a tener en cuenta si trabajo en el mismo lugar en que vivo?
21,¿Debo tener en cuenta los parámetros si realizo la actividad en mi casa?
21,Si trabajo desde mi hogar ¿cómo calculo la superficie y el consumo de la luz para la categorización?
21,"Si trabajo en mi casa, ¿cómo computo los parámetros de luz y superficie?"
22,¿Qué pasa con los parámetros físicos si trabajo a domicilio?
22,En caso de no tener un espacio físico ¿Cómo considero este parámetro?
22,"No tengo local, ¿Qué parámetros tengo que tener en cuenta?"
22,Si presto servicios a domicilio ¿qué debo considerar para categorizarme?
22,"Si voy a domicilio, ¿qué pasa con los parámetros físicos?"
3,¿Me puedo dar de alta de nuevo si me había dado de baja por cese de actividad?
3,¿Me puedo volver a adherir si me di de baja?
3,"Luego de haberme dado de baja el monotributo por cese de actividad, ¿Puedo volver a darme de alta?"
3,"Si me di de baja el monotributo por que ya no realizaba la actividad, ¿Puedo volver a darme de alta nuevamente? ¿Cuánto tiempo tengo que esperar?"
3,"Si me di de baja, ¿es posible darme de alta otra vez?"
73,"¿Le corresponde la inscripción en el Régimen General, para el caso que transcurrió un semestre desde la inscripción y al anualizar los ingresos brutos para la recategorización, se sobrepasó el límite de la categoría máxima?"
73,¿Puedo quedar excluido del Monotributo por superar los ingresos máximos establecidos por más que lleve menos un año como inscripto?
73,"¿Se puede inscribir en el Régimen General, si pasados un semestre desde la inscripción y al anualizar los ingresos brutos para la recategorización, se supera el límite de la categoría máxima?"
73,"Para el caso que transcurrió un semestre desde la inscripción y al anualizar los ingresos brutos para la recategorización, se supera el límite de la categoría máxima, ¿corresponde la inscripción en el Régimen General?"
73,"Si pasados un semestre desde la inscripción y al anualizar  los ingresos brutos para la recategorización, se supera el límite de la categoría máxima, ¿Se permite la inscripción en el régimen general?"
99,"¿Es posible para un empleado en relación de dependencia, que se pueda adherir al monotributo por una actividad independiente?"
99,¿Está permitido para el caso de un ciudadano en relación de dependencia adherirse al monotributo por una actividad independiente?
99,"¿Puedo ser empleado en relación de dependencia y a su vez, adherirme al monotributo por otra actividad?"
99,"Para el caso de un trabajador en relación de dependencia y que realiza otra actividad independiente, ¿Se puede adherirse al monotributo?"
99,Si soy empleado en relación de dependencia ¿Mi actividad por la que me doy de alta en el monotributo debe estar relacionada?
99,Si soy Monotributista ¿Puedo iniciar una relación de dependencia?
28,¿Es posible hacer importaciones siendo monotributista?
28,¿Existe algún impedimento para realizar importaciones si soy Monotributista?
28,¿Puedo traer productos del extranjero para vender?
28,Antes de inscribirme en el monotributo ¿Puedo haber realizado importaciones?
28,Si soy monotributista ¿puedo importar bienes?
17,¿Cuáles son los ingresos que debo considerar si soy empleado en relación de dependencia?
17,¿Debo considerar mis ingresos por la actividad que estoy inscripto en Monotributo y los que recibo por estar en relación de dependencia?
17,¿Qué ingresos tengo que tener en cuenta si además de mi actividad soy empleado?
17,"En caso de también ser empleado, ¿qué ingresos debo considerar para determinar mi categoría?"
17,"Si a su vez soy empleado, ¿qué ingresos debo declarar para categorizarme en el monotributo?"
115,¿Cómo inscribo en el monotributo al condominio?
115,¿Es posible la adhesión de los condominios al monotributo?
115,¿Hay restricciones en el Monotributo para los condominios?
114,¿Cómo me inscribo siendo condómino?
114,¿Cuál es el trámite para darme de alta en el Monotributo siendo condómino?
114,¿Cuáles son los pasos para adherirme al Monotributo como condómino?
112,¿Puedo tener una actividad con iva exento si soy monotributista?
112,¿Qué hago si soy Monotributista e inicio una actividad por la que debería ser IVA exento?
112,Como monotributista ¿Puedo realizar otra actividad bajo la condición de IVA exento?
32,¿Qué ocurre con el crédito fiscal si siendo responsable inscripto paso a ser monotributista?
32,¿Qué pasa con el crédito fiscal si dejo de ser monotributista y paso a ser responsable inscripto?
32,¿Qué puedo hacer con el crédito fiscal cuando cambio de Responsable Inscripto a Monotributista?
32,"Si estoy en condiciones para optar por el monotributo siendo responsable inscripto, ¿debo devolver el crédito fiscal?"
32,Si paso de Responsable Inscripto a Monotributista ¿Puedo computar el crédito fiscal?
107,"¿Un Monotributista tiene que pagar Impuesto a los Bienes Personales?"
107,"En caso de corresponder, si soy monotributista, ¿Debo presentar la declaración jurada de Impuesto a los Bienes Personales?"
107,"Si soy monotributista y me corresponde presentar el Impuesto a los Bienes Personales ¿Cómo tengo que hacer la declaración jurada?"
110,¿Puedo optar por cambiar de responsable inscripto a monotributo?
110,Si estoy inscripto en IVA ¿Puedo adherirme al monotributo?
110,"Si soy responsable inscripto en iva, ¿cuánto tiempo debo esperar para poder volver a ser monotributista?"
9,¿Puedo computar el crédito fiscal siendo Monotributista y luego tomarlo si me paso a Responsable Inscripto?
9,¿Se computa el crédito fiscal al pasar de monotributista a responsable inscripto?
9,¿Se puede computar el crédito fiscal si ya no soy monotributista sino responsable inscripto?
9,"Si ahora soy responsable inscripto habiendo sido monotributista, ¿es posible computar el crédito fiscal?"
9,Si paso de Monotributista a Responsable Inscripto ¿Puedo tomar el crédito fiscal?
108,¿Cómo se cuentan las actividades y unidades de explotación?
108,¿Quedo excluído del monotributo si poseo más de tres actividades?
108,"Si soy monotributista, tengo un local y deseo abrir otro en el que voy a realizar 3 actividades ¿Puedo seguir siendo monotributista o quedo excluido por tener más de 3 actividades?"
113,Ceder un inmueble a precio indeterminado ¿Se considera actividad para tener que inscribirme en el Monotributo?
113,Si cedo un inmueble a un precio no determinado ¿Puedo adherir al monotributo por el valor locativo al que refiere el Impuesto a las Ganancias?
113,"Siendo propietario y cediendo un inmueble, ¿puedo ser monotributista por el valor de alquiler a que se refiere el impuesto a las ganancias?"
40,¿Existe un Monotributista que también esté exento en IVA?
40,¿Puedo ser Monotributista y a su vez ser sujeto IVA exento?
40,¿Se puede tener un monotributo y ser IVA exento a la vez?
40,¿Un monotributista puede ser además IVA exento?
40,"Si quiero realizar una actividad IVA exento, ¿es necesario que no sea monotributista?"
40,Un sujeto IVA exento ¿Puede ser Monotributista?
100,¿Es posible para una persona adherida al Monotributo por una actividad que realice otra actividad bajo la condición de responsable inscripto?
100,¿Está permitido para una persona adherida al Monotributo por una actividad llevar a cabo otra actividad bajo la condición de responsable inscripto?
100,¿Puede una persona adherida al Monotributo por una actividad llevar a cabo otra actividad bajo la condición de responsable inscripto?
100,"En el caso de una persona adherida al Monotributo por una actividad, ¿Puede realizar otra actividad bajo la condición de responsable inscripto?"
100,"Si se tiene el caso de una persona adherida al Monotributo por una actividad, ¿Está permitido que realice otra actividad bajo la condición de responsable inscripto?"
100,Soy Responsable Inscripto ¿Me puedo dar de alta en el Monotributo?
98,"¿Es posible  que un extranjero, que lleva a cabo una actividad en Argentina, pueda inscribirse como monotributista por medio de su apoderado?"
98,¿Puedo ser extranjero y Monotributista?
98,¿Qué pasa si me quiero inscribir en el Monotributo pero soy extranjero?
98,"Un extranjero que desarrolla una actividad en Argentina, ¿Se puede inscribirse como monotributista a través de su apoderado?"
98,"Un sujeto residente en el exterior con actividad en nuestro país, ¿Se permite que su apoderado lo inscriba como monotributista?"
98,"Una persona extranjera que realiza una actividad en nuestro país, ¿puede inscribirse como monotributista a través de su apoderado?"
111,"¿Cuántos meses deben pasar desde que me inscribí en el Monotributo para anualizar los ingresos?"
111,"¿Qué pasa si al cabo de unos pocos meses en el Monotributo me excedo en el importe máximo de la última categoría?"
111,"Si soy monotributista y al anualizar mis ingresos supero el máximo de la última categoría ¿Debo pasar a ser responsable inscripto en IVA?"
25,"¿Cómo son los aportes que debo pagar en caso de ser monotributista por una actividad y a su vez ejerzo la dirección, administración o conducción de una sociedad que no es monotributista?"
25,¿Cómo tengo que hacer si soy monotributista y a la vez administro una sociedad que no está adherida al régimen simplificado?
25,"¿Es el mismo aporte el que realizo si soy monotributista por una actividad y el que realizo por ejercer la dirección, administración o conducción de una sociedad que no es monotributista?"
25,¿Qué tendría que hacer si estoy también dirigiendo una sociedad que no está adherida al monotributo?
25,"En el caso de ejercer también una administración de una sociedad no inscripta al régimen simplificado, ¿qué debo hacer?"
77,¿En qué momento se empieza a pagar el importe de la nueva categoría para las personas recategorizadas?
77,¿En qué tiempo se comienza a pagar el importe de la nueva categoría para las personas recategorizadas?
77,Luego de la recategorización ¿Desde cuándo pago el importe de la nueva categoría?
77,Si me recategorizo ¿Cuándo empiezo a pagar el nuevo importe?
77,Un sujeto recategorizado ¿En qué momento se empieza a pagar el importe de la nueva categoría?
77,"Una vez efectuada la recategorización, ¿En qué momento se comienza a pagar el importe de la nueva categoría?"
